setter_username,name,description,matching,angle,benchmark_difficulty,frames
tensionclimbing,Tremolo,No matching,1,40,14,p305r5p462r6p480r6p484r8p490r6p498r8p515r8p532r6p543r8p579r8p683r6p701r8p715r6p786r7
tensionclimbing,Tremolo,No matching,1,45,16,p305r5p462r6p480r6p484r8p490r6p498r8p515r8p532r6p543r8p579r8p683r6p701r8p715r6p786r7
tensionclimbing,Moondance,No matching,1,35,12,p306r8p470r8p476r8p485r8p692r6p697r5p722r5p725r7p739r6p749r8
tensionclimbing,Wholeberry,No matching,1,35,13,p439r5p447r8p476r8p478r8p480r6p484r8p485r8p500r6p561r5p695r6p697r6p701r8p707r6p711r7p724r6p726r6
tensionclimbing,Wayward Son,No Matching,1,35,14,p306r8p470r8p476r8p485r8p692r6p697r5p722r5p725r6p726r6p739r6p742r8p749r8p758r7
tensionclimbing,Wayward Son,No Matching,1,40,13,p306r8p470r8p476r8p485r8p692r6p697r5p722r5p725r6p726r6p739r6p742r8p749r8p758r7
tensionclimbing,How You Remind Me,,0,45,23,p582r5p589r7p619r8p631r6p645r6p662r6p665r8
tensionclimbing,Doomscroll,No matching,1,25,11,p344r6p348r8p356r6p362r6p366r8p367r8p372r6p374r7p380r5p382r6
tensionclimbing,Doomscroll,No matching,1,35,11,p344r6p348r8p356r6p362r6p366r8p367r8p372r6p374r7p380r5p382r6
tensionclimbing,Doomscroll,No matching,1,40,12,p344r6p348r8p356r6p362r6p366r8p367r8p372r6p374r7p380r5p382r6
tensionclimbing,Doomscroll,No matching,1,45,12,p344r6p348r8p356r6p362r6p366r8p367r8p372r6p374r7p380r5p382r6
tensionclimbing,Further,,0,35,17,p308r6p447r8p547r8p567r8p575r5p697r5p710r6p711r7p725r6p728r8
tensionclimbing,Further,,0,40,15,p308r6p447r8p547r8p567r8p575r5p697r5p710r6p711r7p725r6p728r8
tensionclimbing,Further,,0,45,16,p308r6p447r8p547r8p567r8p575r5p697r5p710r6p711r7p725r6p728r8
tensionclimbing,Impulsively,No matching,1,45,19,p304r8p358r8p366r8p389r6p416r8p427r7p553r6p569r5p642r6p683r5
tensionclimbing,Technicolor Daydreaming,No matching.,1,40,20,p467r8p484r8p690r8p707r6p739r6p740r6p774r5p781r6p786r7p794r8
tensionclimbing,Vindicated,No Matching,1,35,15,p307r6p318r8p351r5p366r8p436r8p465r6p472r6p474r6p476r8p480r6p484r8p489r6p549r8p683r5p711r7p713r8
tensionclimbing,Vindicated,No Matching,1,40,15,p307r6p318r8p351r5p366r8p436r8p465r6p472r6p474r6p476r8p480r6p484r8p489r6p549r8p683r5p711r7p713r8
bennykuttler1285,Back in the Day,No matching,1,40,18,p314r6p320r5p336r8p430r6p456r8p459r6p492r7p585r6p683r5p689r8p725r6p737r8
nelldell,$2 lap dance ðŸ’ƒðŸ•º,No Match,1,40,20,p311r6p320r5p366r8p372r7p445r5p462r6p468r8p570r6
adapap,Anello,,0,35,15,p305r5p308r6p383r8p468r8p552r6p579r8p585r8p589r7p603r6p683r6p701r8p704r5p715r6
bennykuttler1285,Sleeping Beauty,No matching,1,45,21,p319r8p336r8p352r5p367r8p442r6p450r6p475r7p577r6p585r6p614r5p682r8
iansutherland,Dust Storm,,0,35,21,p304r8p321r6p350r8p367r8p432r6p434r6p487r6p582r5p711r7
iansutherland,Dust Storm,,0,40,22,p304r8p321r6p350r8p367r8p432r6p434r6p487r6p582r5p711r7
iansutherland,Dust Storm,,0,45,24,p304r8p321r6p350r8p367r8p432r6p434r6p487r6p582r5p711r7
bennykuttler1285,Slow Down,,0,40,13,p304r8p305r5p307r6p316r6p318r8p437r8p443r6p451r6p462r6p463r6p589r7p692r6p701r8
iansutherland,Dancing in the Moonlight,No match,1,35,17,p310r8p318r8p380r5p466r8p487r6p557r7p561r6p680r8p683r6p692r6p726r6p739r6
iansutherland,Dancing in the Moonlight,No match,1,40,18,p310r8p318r8p380r5p466r8p487r6p557r7p561r6p680r8p683r6p692r6p726r6p739r6
gusclimbs,Jumby,,0,45,19,p305r5p308r6p329r8p579r8p701r8p711r7p715r6
jenniferrenaud,Get Tight,No match,1,40,22,p318r8p429r8p444r7p463r6p464r6p468r5p499r8p683r5p740r6
paulcorsaro,Control For Smilers,,0,40,14,p305r5p344r6p348r8p557r7p563r8p567r8p570r6p594r6p604r6
dadlaitb2,Raptor Retractor,Ethan chase Tim daniels Adlai team set you know you love it you rascals!,0,40,28,p348r8p482r6p554r6p569r6p576r6p652r5p724r6p800r7
iansutherland,Cuff It,No match,1,50,18,p305r5p429r8p462r6p579r8p701r8p711r7p724r6p739r6p740r6
iansutherland,Squeegee,No match,1,40,20,p333r6p341r6p345r6p381r8p444r7p484r8p497r8p612r8p697r6p701r8p704r5p715r6
nicholson.brendan,Horseshoe,,0,25,13,p308r6p356r6p372r6p374r7p462r6p466r8p472r6p484r8p497r8p498r5p549r8p585r8p591r8
nicholson.brendan,Horseshoe,,0,40,15,p308r6p356r6p372r6p374r7p462r6p466r8p472r6p484r8p497r8p498r5p549r8p585r8p591r8
nicholson.brendan,Thunder Bolt,,0,35,17,p304r8p438r5p552r6p559r5p579r8p697r6p701r8p725r6p729r6p740r6p758r7
fullofrice,Repentance,No Match,1,40,22,p380r5p458r6p482r6p500r6p547r8p557r7p561r6p683r6
ElCash,Kouign-Amann,,0,40,24,p336r8p429r6p594r6p622r6p636r7p704r5p750r8
nik.vukovich,patience is a virtue,,0,40,18,p326r7p462r6p498r5p549r8p554r6p695r6p701r8p715r6
ebrudney,portsmouth,,0,25,13,p304r8p308r6p333r6p344r5p367r8p437r8p443r6p448r8p486r8p492r7p561r5p579r8p592r6p593r6p626r8p725r6
actuator,carbon 3,no matching,1,45,16,p326r7p484r8p715r6p724r6p726r6p753r6p764r6p774r5p778r8
dylanschuenemann,SHMONEYY,No matching,1,45,23,p553r6p617r5p642r5p645r8p676r8p719r7p732r7p739r6p740r6p741r8
limberlimb,Adventure Capitalist,No matching,1,40,18,p340r6p374r7p432r6p500r5p578r6p591r8p685r8p689r8p699r6p736r5
cOdy_climbS_,Wu-Tang is for the Children and the Children Yearn for the Mines,No Matching,1,50,16,p484r8p497r8p500r6p505r8p545r6p774r5p776r6p791r6p801r7
limberlimb,EILENACH,No matching,1,40,15,p305r5p344r6p362r6p366r8p380r8p382r8p557r7p561r6p577r6p579r8p603r6p604r6
limberlimb,Lignin,No matching,1,40,15,p305r5p307r6p308r6p309r6p344r6p354r6p366r8p486r8p490r6p492r7
Landlockedmegalodon,No Boys Allowed,No matching,1,40,17,p359r5p382r5p492r7p570r6p573r6p628r8p706r8p726r6p729r8
brycecboy,Dirty Nalgene,No matching,1,45,19,p362r6p420r8p498r5p611r8p631r6p664r7p676r6p681r6p683r6p701r8p778r8
tensionclimbing,Transient,No matching,1,30,16,p304r8p345r6p366r8p392r8p397r6p441r6p451r6p452r6p478r8p516r8p584r6p591r8p652r5p731r6p740r6p786r7
tensionclimbing,Transient,No matching,1,45,22,p304r8p345r6p366r8p392r8p397r6p441r6p451r6p452r6p478r8p516r8p584r6p591r8p652r5p731r6p740r6p786r7
tensionclimbing,Open Page,,0,45,25,p711r7p721r8p740r6p767r6p774r5
tensionclimbing,Weâ€™re back!,No matching,1,25,16,p336r8p429r6p448r6p451r6p571r6p582r5p589r7p611r8p739r6
tensionclimbing,Weâ€™re back!,No matching,1,35,19,p336r8p429r6p448r6p451r6p571r6p582r5p589r7p611r8p739r6
tensionclimbing,Weâ€™re back!,No matching,1,40,21,p336r8p429r6p448r6p451r6p571r6p582r5p589r7p611r8p739r6
tensionclimbing,Weâ€™re back!,No matching,1,45,23,p336r8p429r6p448r6p451r6p571r6p582r5p589r7p611r8p739r6
tensionclimbing,Rocket Skates,No matching,1,40,20,p310r8p379r8p380r5p536r8p570r6p575r6p580r8p614r6p685r8p689r8p713r8p724r6p740r6p786r7
tensionclimbing,Peaches and Cream,,0,35,23,p459r6p554r6p558r8p583r5p584r6p607r6p622r6p680r8p711r7
tensionclimbing,Dice Master,No Matching,1,40,22,p326r7p339r5p341r6p369r5p385r6p558r8p612r8
tensionclimbing,Dice Master,No Matching,1,45,23,p326r7p339r5p341r6p369r5p385r6p558r8p612r8
tensionclimbing,Rats Return,No matching,1,40,29,p534r5p571r6p585r8p586r6p591r8p620r8p633r6p664r7p690r8p717r6p727r8p752r5p767r6
tensionclimbing,Yonder County,No Matching,1,40,23,p305r5p350r8p357r7p370r6p381r8p431r6p440r6
tensionclimbing,Schematic,No matching,1,50,26,p557r7p696r5p699r6p700r6p750r8p766r5
tensionclimbing,Mother Wolf,No matching,1,45,18,p593r6p603r6p605r8p611r8p617r6p647r6p652r5p654r6p664r7
tensionclimbing,The Jolly Roger,No Matching,1,45,23,p504r8p688r8p696r5p711r7p724r6p766r5p783r6p791r6
tensionclimbing,Viginti Tres,,0,50,29,p346r6p361r6p445r8p475r7p481r6p550r5p682r5p702r8p729r8p763r8
tensionclimbing,"By The Bus, By The School",,0,50,27,p552r6p618r6p630r5p644r5p673r8p679r7p713r8p739r8
eveevett,better call Saul,No matching,1,55,27,p331r6p334r6p361r6p399r6p482r6p492r6p562r8p598r8p652r5p675r8p801r7
sandals,shark tooth,,0,35,19,p498r5p557r7p693r6p695r6p714r6p716r6p727r8p737r8
sandals,shark tooth,,0,40,22,p498r5p557r7p693r6p695r6p714r6p716r6p727r8p737r8
iansutherland,Brothers of Metal,No match,1,35,20,p305r5p327r8p457r6p465r6p501r6p503r6p546r8p707r6p758r7
iansutherland,Brothers of Metal,No match,1,40,19,p305r5p327r8p457r6p465r6p501r6p503r6p546r8p707r6p758r7
iansutherland,Brothers of Metal,No match,1,45,21,p305r5p327r8p457r6p465r6p501r6p503r6p546r8p707r6p758r7
keegankochis,Alfons Elric,No matching,1,40,21,p357r7p434r6p440r6p463r6p487r6p572r6p704r5p748r8
bennykuttler1285,Movinâ€™ Along,No matching,1,45,16,p344r8p345r8p382r8p385r6p428r8p484r8p567r8p570r6p575r6p602r6p617r6p618r6p636r7p683r5p697r6p704r5
bennykuttler1285,Mental Gunplay,No matching,1,45,26,p336r8p380r5p429r8p445r8p449r6p493r8p503r6p592r6p602r8p687r7p691r6
wrongwong,Birth of the Dragon,No Match,1,40,23,p374r7p565r6p581r8p602r6p683r6p692r6p699r8p701r8p752r5
bennykuttler1285,Donâ€™t fool yourself,No matching,1,45,20,p322r6p333r6p336r8p345r6p358r8p368r5p374r7p385r6p567r8
iansutherland,Bring an Axe,No matching,1,30,23,p304r8p322r6p327r8p348r8p357r7p369r6p380r5p440r6p452r6p457r6p460r6p478r8p502r6
gmorris172,The Mad Russian,No matching,1,40,23,p334r6p366r8p469r8p582r5p589r7p693r6p714r6p716r6
bronzehand,As Handsome and As Tall,No match,1,35,22,p341r6p456r8p463r6p498r5p567r8p573r6p636r7p706r6
iansutherland,Gin and Juice,No match,1,40,22,p305r5p318r8p341r6p357r7p451r6p457r6p477r6p548r8p733r8p739r6
iansutherland,The Leaning Tower,No match,1,40,22,p321r6p327r8p440r6p445r5p476r5p579r8p701r8p716r6p724r6p740r6p758r7
iansutherland,Hall of Flowers,No match,1,40,21,p312r6p348r8p350r8p352r5p366r8p440r6p442r6p443r6p589r7p724r6
iansutherland,No Hill to Die On,No match,1,40,24,p380r5p478r8p482r6p548r8p556r6p562r8p572r6p591r6p611r8p617r6p684r8p758r7
tensionclimbing,Crimperâ€™s Paradise #7,"No Matching
Intended for 40 degrees",1,40,23,p305r5p314r6p318r8p326r7p334r6p348r8p444r7p448r6p449r6p479r6
willanglin,Literally Licorice,No matching,1,40,25,p503r7p548r8p584r5p591r5p594r6p688r8p694r6p708r6p714r8
BrandonClimbs,Soft Stools,,0,40,25,p327r8p331r6p457r6p618r6p679r7p705r5
limberlimb,Hawaiian Shirt,No matching,1,40,20,p308r6p370r6p414r6p550r8p602r6p644r8p664r7p692r6p735r5p753r5p796r8
dylanw521,grass is greener,No match,1,40,23,p322r6p327r8p348r8p367r8p388r6p473r6p498r8p569r6p580r8p652r5p680r8p716r6p798r7
willanglin,Nonetheless,No matching,1,40,22,p398r8p463r6p486r5p529r8p569r6p603r7p734r8
agresta,Bast,No Matching,1,40,23,p314r6p350r5p366r8p438r5p440r6p457r6p488r6p491r7p732r7p742r8
limberlimb,TV Tokyo,No matching,1,40,22,p326r7p439r5p460r6p484r8p685r8p691r5p700r6p739r6p745r6p746r6p796r8
limberlimb,Halo Diffusion,No matching,1,40,23,p305r5p324r6p340r6p350r8p440r6p636r7p693r6p753r8p754r6
limberlimb,College of Winterhold,No matching,1,40,23,p311r6p320r5p338r6p348r8p357r7p358r5p556r6p571r6p700r6p702r8p724r6
limberlimb,Calico Basin,No matching,1,40,19,p322r6p366r8p380r5p498r8p557r7p573r6p575r6p579r8p715r6p716r6p724r6
tinyman,residual,,0,45,29,p326r7p428r8p491r6p530r6p708r6p713r5p773r5
tmart.climber,dreaming of summer,somewhat of a simulation of the boulder Alpine dream in the Vasquez boulders,0,40,21,p305r5p310r8p476r8p499r8p557r7p585r6p691r6p694r6p725r6
tensionclimbing,No One,,0,35,19,p360r6p437r8p444r7p572r6p578r6p583r5p592r6p612r8p622r6
tensionclimbing,Lycanthropes of London,No matching,1,40,23,p314r6p369r6p380r5p432r6p440r6p447r8p557r7p626r8
tensionclimbing,More Like It,No matching,1,35,18,p305r5p321r6p324r6p336r8p340r6p366r8p431r6p432r6p435r8p471r6p549r8p589r7p685r8
tensionclimbing,More Like It,No matching,1,40,20,p305r5p321r6p324r6p336r8p340r6p366r8p431r6p432r6p435r8p471r6p549r8p589r7p685r8
tensionclimbing,More Like It,No matching,1,45,20,p305r5p321r6p324r6p336r8p340r6p366r8p431r6p432r6p435r8p471r6p549r8p589r7p685r8
willanglin,So Below,No Matching,1,40,26,p549r8p555r6p556r6p572r8p591r5p594r6p607r6p624r6p655r8p657r5p732r6p758r7
willanglin,Mending,No matching,1,45,24,p554r6p592r6p608r6p626r8p657r5p666r5p686r6p687r6p711r7
agresta,Slave Knight Gael,No Matching,1,45,26,p368r5p475r7p553r6p554r6p558r8p563r8p580r8p730r6p742r8
dylanschuenemann,Slander in the City,,0,50,23,p429r5p440r8p444r6p557r6p559r8p602r6p618r6p640r5p652r8p739r8p758r7
tensionclimbing,Rational Gaze,No matching,1,40,26,p315r6p351r5p357r7p556r6p566r8p569r6p591r8p611r8p651r8p729r6
tensionclimbing,Rational Gaze,No matching,1,45,27,p315r6p351r5p357r7p556r6p566r8p569r6p591r8p611r8p651r8p729r6
tensionclimbing,Fragmentation,No matching,1,50,29,p562r8p568r8p572r6p601r6p613r5p627r8p630r6p641r8p653r8p655r6p661r6p710r6p732r7p763r8p798r8
tensionclimbing,Constant Sleep,No matching,1,35,22,p317r8p351r5p360r6p365r8p449r6p689r8p691r6p693r6p700r6p710r6p737r8p758r7
tensionclimbing,Constant Sleep,No matching,1,40,23,p317r8p351r5p360r6p365r8p449r6p689r8p691r6p693r6p700r6p710r6p737r8p758r7
tensionclimbing,Constant Sleep,No matching,1,45,25,p317r8p351r5p360r6p365r8p449r6p689r8p691r6p693r6p700r6p710r6p737r8p758r7
tensionclimbing,Sleeping Giant,,0,30,22,p549r8p554r6p611r8p613r5p616r6p685r8p740r6p742r8p758r7
tensionclimbing,Exxplosive,No matching,1,35,20,p547r8p549r5p569r6p721r5p739r6p740r6p786r7
tensionclimbing,Exxplosive,No matching,1,45,22,p547r8p549r5p569r6p721r5p739r6p740r6p786r7
tensionclimbing,Cominâ€™ Home,No matching,1,40,22,p326r7p444r7p471r6p475r6p479r6p544r6p587r8p720r8p727r8p735r5p740r6p762r6
tensionclimbing,Solid Scorp,No matching,1,40,23,p550r6p599r6p617r6p636r7p650r8p676r6p704r5p733r8
tensionclimbing,Prime,No matching,1,35,16,p546r8p547r8p549r8p559r5p681r5p683r6p690r8p692r6p701r8p711r7p715r6p725r6p737r8
tensionclimbing,Prime,No matching,1,40,15,p546r8p547r8p549r8p559r5p681r5p683r6p690r8p692r6p701r8p711r7p715r6p725r6p737r8
tensionclimbing,Prime,No matching,1,45,16,p546r8p547r8p549r8p559r5p681r5p683r6p690r8p692r6p701r8p711r7p715r6p725r6p737r8
tensionclimbing,Masquerade,No matching,1,35,16,p561r6p685r8p699r6p704r5p711r7p712r8p722r6p724r6p725r6p727r8p733r8p739r6
tensionclimbing,Masquerade,No matching,1,40,16,p561r6p685r8p699r6p704r5p711r7p712r8p722r6p724r6p725r6p727r8p733r8p739r6
tensionclimbing,Masquerade,No matching,1,45,17,p561r6p685r8p699r6p704r5p711r7p712r8p722r6p724r6p725r6p727r8p733r8p739r6
tensionclimbing,Heavenâ€™s Dead,,0,45,28,p319r8p348r8p405r6p613r5p634r6p637r8p679r7
tensionclimbing,Dear Slim,No matching,1,40,23,p460r6p482r6p497r8p516r6p540r5p589r7p646r8p768r6
tensionclimbing,Dear Slim,No matching,1,55,28,p460r6p482r6p497r8p516r6p540r5p589r7p646r8p768r6
tensionclimbing,Incarnate,No matching,1,35,20,p320r5p430r6p438r5p439r6p449r6p452r6p454r8p476r8p478r8p485r8p492r7
tensionclimbing,Incarnate,No matching,1,40,22,p320r5p430r6p438r5p439r6p449r6p452r6p454r8p476r8p478r8p485r8p492r7
tensionclimbing,Miami Vice,No matching,1,55,27,p322r6p571r6p631r6p652r5p673r8p739r6p756r6p780r8p786r7
tensionclimbing,Extendo Clip,No matching,1,45,30,p497r8p529r5p609r6p636r7p694r6p698r6p766r6
tensionclimbing,Diamond Eyes,Set at 45Â°. No matching,1,45,28,p311r6p342r6p370r6p428r8p429r6p436r8p580r8p636r7p696r5p729r8p742r5
tensionclimbing,Diamond Eyes,Set at 45Â°. No matching,1,55,30,p311r6p342r6p370r6p428r8p429r6p436r8p580r8p636r7p696r5p729r8p742r5
tensionclimbing,Spellwork,No matching,1,35,23,p304r8p305r5p306r6p324r6p339r6p342r6p435r8p436r8p467r8p562r8p568r8p586r6p633r6p711r7
tensionclimbing,Spellwork,No matching,1,45,25,p304r8p305r5p306r6p324r6p339r6p342r6p435r8p436r8p467r8p562r8p568r8p586r6p633r6p711r7
tensionclimbing,Constraint,No matching,1,35,18,p310r8p336r8p348r8p447r8p552r6p567r8p570r6p571r6p583r5p589r7p631r6p695r6p707r8
tensionclimbing,Constraint,No matching,1,40,20,p310r8p336r8p348r8p447r8p552r6p567r8p570r6p571r6p583r5p589r7p631r6p695r6p707r8
tensionclimbing,Vernal,No matching,1,35,22,p311r8p335r6p342r6p355r8p374r7p433r6p447r5p460r6p461r5p473r6p478r6p484r8p488r6p505r8
tensionclimbing,Vernal,No matching,1,40,22,p311r8p335r6p342r6p355r8p374r7p433r6p447r5p460r6p461r5p473r6p478r6p484r8p488r6p505r8
tensionclimbing,In The Sky,,0,35,21,p556r6p582r5p597r6p609r6p611r8p618r6p631r6p645r6p650r8p662r6p711r7p743r8
tensionclimbing,Barracuda,,0,40,23,p334r6p342r6p383r8p401r7p464r6p467r8p470r5p485r8p499r6p530r6p533r5p541r6
tensionclimbing,Barracuda,,0,45,25,p334r6p342r6p383r8p401r7p464r6p467r8p470r5p485r8p499r6p530r6p533r5p541r6
tensionclimbing,The Silver Mountain,No matching,1,30,24,p557r7p563r6p567r8p696r5p716r6p730r6p752r5
tensionclimbing,The Silver Mountain,No matching,1,35,26,p557r7p563r6p567r8p696r5p716r6p730r6p752r5
tensionclimbing,The Silver Mountain,No matching,1,40,27,p557r7p563r6p567r8p696r5p716r6p730r6p752r5
tensionclimbing,The Silver Mountain,No matching,1,45,28,p557r7p563r6p567r8p696r5p716r6p730r6p752r5
tensionclimbing,Rebuilt,No matching,1,35,24,p550r6p591r6p594r6p704r5p716r6p723r6p741r8p749r8p758r7
tensionclimbing,Rebuilt,No matching,1,45,28,p550r6p591r6p594r6p704r5p716r6p723r6p741r8p749r8p758r7
tensionclimbing,No Dice,,0,40,27,p338r6p351r5p456r6p464r6p522r8p526r6p611r8p665r8p786r7
tensionclimbing,Engine No. 9,No matching.,1,40,27,p422r5p548r8p555r6p572r6p591r6p611r8p641r6p653r8p665r8p684r8p732r7p768r8
tensionclimbing,Engine No. 9,No matching.,1,45,28,p422r5p548r8p555r6p572r6p591r6p611r8p641r6p653r8p665r8p684r8p732r7p768r8
tensionclimbing,Make It Forever,No matching,1,45,28,p551r5p554r6p590r8p618r6p636r7p689r8
tensionclimbing,Propagation,No matching,1,35,17,p343r5p348r8p466r8p484r8p485r8p547r8p681r5p690r8p697r6p711r7p724r6p725r6p754r6
tensionclimbing,Propagation,No matching,1,40,18,p343r5p348r8p466r8p484r8p485r8p547r8p681r5p690r8p697r6p711r7p724r6p725r6p754r6
tensionclimbing,Propagation,No matching,1,45,19,p343r5p348r8p466r8p484r8p485r8p547r8p681r5p690r8p697r6p711r7p724r6p725r6p754r6
tensionclimbing,Deepcouch,No matching,1,40,21,p329r8p336r8p374r7p380r5p551r6p573r6p578r6p579r8p600r6p607r8p615r6p626r8p692r6
tensionclimbing,Migraine,No matching,1,40,19,p332r6p452r6p546r8p560r5p567r8p572r6p593r6p681r5p697r6p702r8p707r6p711r7
tensionclimbing,Migraine,No matching,1,45,20,p332r6p452r6p546r8p560r5p567r8p572r6p593r6p681r5p697r6p702r8p707r6p711r7
tensionclimbing,Cocoa Butter,No matchin,1,40,18,p309r7p313r6p466r8p469r5p485r8p550r6p713r8p715r6
tensionclimbing,"14,000 Minutes",No matching,1,40,15,p428r8p466r8p476r8p484r8p490r7p559r5p579r8p681r5p692r6p697r6p721r6p739r6
tensionclimbing,Wingtips,no matching,1,40,17,p366r8p546r8p561r5p565r7p570r6p573r6p593r6p683r5p687r7
tensionclimbing,Particle Craze,No matching,1,35,13,p316r6p323r8p329r8p333r6p341r6p353r8p428r8p438r8p440r8p451r6p462r5p484r8p493r8p549r8p589r7p591r8p689r8p692r6p712r8p715r6p721r5
tensionclimbing,Guided By Angels,No matching,1,35,18,p305r5p323r6p439r6p445r8p449r6p450r6p466r8p485r8p684r8p702r8p711r7p717r6
tensionclimbing,Guided By Angels,No matching,1,40,21,p305r5p323r6p439r6p445r8p449r6p450r6p466r8p485r8p684r8p702r8p711r7p717r6
tensionclimbing,Guided By Angels,No matching,1,45,22,p305r5p323r6p439r6p445r8p449r6p450r6p466r8p485r8p684r8p702r8p711r7p717r6
tensionclimbing,Armed For Peace,No matching,1,30,18,p320r5p334r6p374r7p438r5p448r6p454r8p458r6p466r8p501r6p565r6p606r8p607r8p712r8p717r6p737r6p742r6
tensionclimbing,Rosewood,No matching,1,35,23,p351r8p483r8p492r7p556r6p568r8p688r8p692r6p700r6p735r5p738r6
tensionclimbing,Parchment,No matching,1,35,20,p304r8p305r5p345r6p348r8p449r6p450r6p459r6p557r7p563r8p592r6p599r6p605r8p690r8p691r6p734r8
tensionclimbing,Across The Water,No matching,1,35,19,p334r6p366r8p379r8p420r8p459r6p562r8p573r6p602r6p606r8p617r6p632r6p652r5p654r6p672r8p685r8p699r8p711r7
tensionclimbing,Esperate,No matching,1,35,17,p575r6p582r5p589r7p602r6p611r8p618r6p632r6p650r8
tensionclimbing,Fisticuffs,No matching,1,40,23,p311r6p329r5p331r6p336r8p343r5p360r6p445r8p458r6p475r7p482r6p488r6p611r8p685r8p690r8p741r8
tensionclimbing,Fisticuffs,No matching,1,45,24,p311r6p329r5p331r6p336r8p343r5p360r6p445r8p458r6p475r7p482r6p488r6p611r8p685r8p690r8p741r8
tensionclimbing,Skypager,,0,40,12,p304r8p320r8p329r8p344r5p358r8p362r6p366r8p367r8p368r8p376r8p561r5p567r8p570r6p575r6p579r8p593r6p602r6p603r7
tensionclimbing,Mudshovel,,0,40,15,p327r8p344r5p474r6p478r8p486r8p490r6p498r8p549r8p552r6p561r5p570r6p580r8p692r6p697r8p705r8p724r6p739r6p758r7
tensionclimbing,Nouveau Americain,No matching,1,35,22,p331r6p383r6p452r6p562r8p568r8p571r6p589r7p612r8p619r8p631r5p665r8
tensionclimbing,Bottom Line,No matching,1,45,21,p304r8p348r8p431r6p447r8p490r7p560r8p584r6p592r6p652r5p699r6
tensionclimbing,Untrust Us,,0,45,25,p554r6p578r6p588r6p618r6p636r7p694r8p709r8p716r6p737r6p738r6p753r5p779r8p788r8
tensionclimbing,Poseidon,,0,25,16,p343r5p351r5p366r8p379r8p456r8p476r8p567r8p569r6p575r6p580r8p699r6p714r6p727r8p740r6p744r6p758r7
tensionclimbing,Poseidon,,0,30,18,p343r5p351r5p366r8p379r8p456r8p476r8p567r8p569r6p575r6p580r8p699r6p714r6p727r8p740r6p744r6p758r7
tensionclimbing,Poseidon,,0,35,18,p343r5p351r5p366r8p379r8p456r8p476r8p567r8p569r6p575r6p580r8p699r6p714r6p727r8p740r6p744r6p758r7
tensionclimbing,Poseidon,,0,40,20,p343r5p351r5p366r8p379r8p456r8p476r8p567r8p569r6p575r6p580r8p699r6p714r6p727r8p740r6p744r6p758r7
tensionclimbing,Poseidon,,0,45,21,p343r5p351r5p366r8p379r8p456r8p476r8p567r8p569r6p575r6p580r8p699r6p714r6p727r8p740r6p744r6p758r7
tensionclimbing,Subsonic,No matching,1,40,16,p329r8p333r6p350r8p352r8p360r8p567r8p573r6p589r7p593r6p604r6p692r6p697r5p712r8p722r5
tensionclimbing,You Look Great Today,No matching,1,35,16,p304r8p317r8p327r8p437r8p466r8p472r8p474r6p484r8p490r6p492r7p552r6p683r5p721r5p722r6p724r6p739r6p741r8
tensionclimbing,You Look Great Today,No matching,1,40,16,p304r8p317r8p327r8p437r8p466r8p472r8p474r6p484r8p490r6p492r7p552r6p683r5p721r5p722r6p724r6p739r6p741r8
tensionclimbing,Sequence,No matching,1,40,15,p304r8p317r8p327r8p437r8p466r8p484r8p490r7p552r6p683r5p721r5p722r6p724r6p739r6
tensionclimbing,You Must Be Proud,No Matching,1,25,15,p306r5p307r6p309r6p312r6p342r6p348r8p352r5p431r6p472r6p549r8p560r8p566r8p589r7p615r8p684r8p685r8p702r8p712r8
tensionclimbing,Compliments To The Climber,No Matching,1,35,17,p311r6p316r6p353r6p356r6p357r7p366r8p430r6p450r6p546r8p553r6p561r5p567r8p573r6p613r5p685r8p689r8p704r8
tensionclimbing,Compliments To The Climber,No Matching,1,40,18,p311r6p316r6p353r6p356r6p357r7p366r8p430r6p450r6p546r8p553r6p561r5p567r8p573r6p613r5p685r8p689r8p704r8
tensionclimbing,Compliments To The Climber,No Matching,1,45,19,p311r6p316r6p353r6p356r6p357r7p366r8p430r6p450r6p546r8p553r6p561r5p567r8p573r6p613r5p685r8p689r8p704r8
tensionclimbing,Sun Up,No matching,1,25,15,p309r7p313r6p319r8p333r6p336r8p345r6p348r8p354r6p359r5p366r8p381r5p382r6p447r8
tensionclimbing,Sun Down,No matching,1,35,14,p307r8p309r6p313r6p319r8p326r7p333r6p336r8p345r6p348r8p354r6p359r5p366r8p381r5p382r6p434r6p443r6p444r7p447r8
tensionclimbing,Money Music,No Matching,1,35,15,p305r5p311r6p317r8p358r8p368r8p439r6p461r8p484r8p570r6p585r6p590r8p602r6p603r7p688r8p689r8p701r8
tensionclimbing,Watermelon,No Matching,1,40,13,p428r8p454r8p462r6p472r6p480r6p484r8p498r8p550r8p689r8p704r5p724r6p725r7p733r8p736r6p739r6p753r6
tensionclimbing,Chromazone,No Matching,1,45,15,p326r7p428r8p434r6p443r6p462r6p472r6p480r6p484r8p498r8p577r8p585r8p689r8p697r8p704r5p724r6p725r6p733r8p739r6p741r8p753r6
tensionclimbing,Take Five,No matching,1,45,18,p348r8p352r6p379r8p380r5p436r8p447r8p462r6p480r6p484r8p485r8p559r6p579r8p614r6p681r6p692r6p701r8p715r6p721r6p724r6p725r7p736r8
tensionclimbing,Phase,No Matching,1,45,27,p564r6p565r6p587r8p636r7p655r8p696r5p730r6p748r8p761r8p762r5p765r6p787r8p789r8
tensionclimbing,Spinning Plates,No matching,1,35,22,p317r8p351r5p392r8p430r6p627r8p631r6p695r6p740r6p758r7
tensionclimbing,Spinning Plates,No matching,1,40,22,p317r8p351r5p392r8p430r6p627r8p631r6p695r6p740r6p758r7
tensionclimbing,Spinning Plates,No matching,1,45,25,p317r8p351r5p392r8p430r6p627r8p631r6p695r6p740r6p758r7
tensionclimbing,Hearing Damage,No matching,1,30,16,p304r8p368r5p437r8p449r6p470r8p575r6p577r6p695r7p698r6p710r7
tensionclimbing,Hearing Damage,No matching,1,35,17,p304r8p368r5p437r8p449r6p470r8p575r6p577r6p695r7p698r6p710r7
tensionclimbing,Orion's Collar,,0,35,19,p304r8p322r6p345r6p350r8p368r5p432r6p442r6p482r6p486r8p492r7p558r8p680r8p693r6
tensionclimbing,Endearing,No matching,1,30,16,p304r8p368r5p437r8p449r6p470r8p475r7p482r6p487r8p575r6p577r6p695r6p698r6
tensionclimbing,Endearing,No matching,1,40,19,p304r8p368r5p437r8p449r6p470r8p475r7p482r6p487r8p575r6p577r6p695r6p698r6
tensionclimbing,Endearing,No matching,1,45,21,p304r8p368r5p437r8p449r6p470r8p475r7p482r6p487r8p575r6p577r6p695r6p698r6
tensionclimbing,Complementary Bros,No matching,1,35,22,p322r6p347r6p357r7p366r8p436r8p440r6p469r5p497r8p558r8p617r6p702r8
tensionclimbing,Cheap Umbrella,No matching,1,50,24,p315r7p433r7p567r8p569r6p696r5p713r5p716r6
tensionclimbing,Cocoa,No matching,1,40,17,p307r6p348r8p379r8p476r8p480r6p486r8p490r7p502r6p558r8p585r6p613r5p715r6
tensionclimbing,Putty,No matching,1,30,13,p348r8p436r8p454r8p462r6p466r8p480r6p484r8p485r8p490r7p502r6p559r5p681r5p690r8p722r6p736r6
tensionclimbing,Putty,No matching,1,35,13,p348r8p436r8p454r8p462r6p466r8p480r6p484r8p485r8p490r7p502r6p559r5p681r5p690r8p722r6p736r6
tensionclimbing,Putty,No matching,1,40,15,p348r8p436r8p454r8p462r6p466r8p480r6p484r8p485r8p490r7p502r6p559r5p681r5p690r8p722r6p736r6
tensionclimbing,Putty,No matching,1,45,15,p348r8p436r8p454r8p462r6p466r8p480r6p484r8p485r8p490r7p502r6p559r5p681r5p690r8p722r6p736r6
tensionclimbing,Zone,,0,40,13,p308r6p447r8p547r8p567r8p575r5p697r5p710r7p725r7
tensionclimbing,Chicken Fingers,No Matching,1,25,12,p306r5p307r6p344r6p348r8p352r5p362r6p549r8p567r8p570r6p577r6p580r8p602r6p603r7p620r8p689r8p702r8
tensionclimbing,Chicken Fingers,No Matching,1,35,15,p306r5p307r6p344r6p348r8p352r5p362r6p549r8p567r8p570r6p577r6p580r8p602r6p603r7p620r8p689r8p702r8
tensionclimbing,Doze,No matching,1,30,15,p304r8p305r5p311r8p333r6p354r6p443r6p461r8p472r8p550r8p552r6p575r6p579r8p599r6p605r8p626r8p695r6p711r7p714r8
tensionclimbing,Doze,No matching,1,35,15,p304r8p305r5p311r8p333r6p354r6p443r6p461r8p472r8p550r8p552r6p575r6p579r8p599r6p605r8p626r8p695r6p711r7p714r8
tensionclimbing,Doze,No matching,1,45,16,p304r8p305r5p311r8p333r6p354r6p443r6p461r8p472r8p550r8p552r6p575r6p579r8p599r6p605r8p626r8p695r6p711r7p714r8
tensionclimbing,Cola,No matching,1,35,12,p344r5p348r8p352r5p353r8p354r8p356r6p362r6p366r8p367r8p369r6p371r6p372r6p374r7p379r8p382r6p386r8p388r8p403r8p575r8p603r6p615r6p617r6p632r8
tensionclimbing,Terminal,No matching,1,40,26,p720r8p730r6p732r7p742r5p743r6p771r8p773r5p777r6
tensionclimbing,Perpetual,No matching,1,40,30,p311r6p360r6p429r6p564r6p690r8p732r7p748r8p774r5
tensionclimbing,Tweak,,0,40,23,p311r6p314r6p336r8p360r6p380r5p409r8p474r7p489r6
tensionclimbing,Tweak,,0,45,23,p311r6p314r6p336r8p360r6p380r5p409r8p474r7p489r6
tensionclimbing,Flout,,0,35,24,p304r8p311r6p315r6p368r5p482r6p492r7
tensionclimbing,Flout,,0,40,24,p304r8p311r6p315r6p368r5p482r6p492r7
tensionclimbing,Tonewood,No matching,1,40,27,p317r8p351r6p380r5p392r8p437r8p440r6p446r6p503r6p530r6p546r8p557r7p580r8p779r6
tensionclimbing,Tonewood,No matching,1,45,28,p317r8p351r6p380r5p392r8p437r8p440r6p446r6p503r6p530r6p546r8p557r7p580r8p779r6
tensionclimbing,Girl on Fire,No Matching,1,35,22,p337r5p379r8p449r6p476r8p490r7p552r6p562r8p631r5
tensionclimbing,Girl on Fire,No Matching,1,40,23,p337r5p379r8p449r6p476r8p490r7p552r6p562r8p631r5
tensionclimbing,The Dark Waltz,,0,40,23,p560r5p571r6p572r6p592r6p599r6p616r6p628r8p641r8p681r5p684r8p688r8p702r8p744r6p786r7p789r8p793r6
tensionclimbing,Paper Plane,No Matching,1,45,26,p468r8p477r8p564r6p569r6p631r6p652r5p672r8p693r6p707r6p732r7
tensionclimbing,Turnt Out,No Matching,1,30,22,p350r8p454r8p537r5p551r6p554r6p560r8p589r7p594r6p686r6p736r5p737r6p794r8
tensionclimbing,Turnt Out,No Matching,1,45,26,p350r8p454r8p537r5p551r6p554r6p560r8p589r7p594r6p686r6p736r5p737r6p794r8
tensionclimbing,In Play,No Matching,1,35,21,p366r8p576r6p578r6p582r5p601r6p620r8p636r7p689r8p693r6p704r5
tensionclimbing,In Play,No Matching,1,45,24,p366r8p576r6p578r6p582r5p601r6p620r8p636r7p689r8p693r6p704r5
tensionclimbing,Shallow Water,No matching,1,35,26,p319r5p360r6p429r6p437r5p456r6p460r6p546r8p588r6p684r8p719r6p750r8p758r7
tensionclimbing,Sanctuary,No Matching,1,35,25,p337r8p551r6p554r7p681r5p702r8p727r8p738r6
tensionclimbing,Erase,No matching,1,35,22,p433r6p490r7p566r8p584r5p591r5p607r6p616r6p693r6p705r8p728r8p752r8
tensionclimbing,Erase,No matching,1,40,23,p433r6p490r7p566r8p584r5p591r5p607r6p616r6p693r6p705r8p728r8p752r8
tensionclimbing,Diverge,No matching,1,35,22,p433r6p501r8p566r8p584r5p591r5p607r6p616r6p693r6p705r8p728r8p752r8p758r7
tensionclimbing,Granitecastles,No Matching,1,35,22,p366r8p475r7p547r8p562r8p574r6p576r6p582r5p694r6p716r6
tensionclimbing,Qualms,No matching,1,35,21,p339r6p348r8p351r5p367r8p379r8p430r6p431r6p445r8p452r6p492r7p501r8p568r8p585r6p680r8p687r6
tensionclimbing,Qualms,No matching,1,40,22,p339r6p348r8p351r5p367r8p379r8p430r6p431r6p445r8p452r6p492r7p501r8p568r8p585r6p680r8p687r6
tensionclimbing,Optical,No matching,1,35,20,p339r6p348r8p351r5p367r8p379r8p430r6p431r6p445r8p490r7p568r8p585r6p680r8p684r8p728r8
tensionclimbing,Optical,No matching,1,40,20,p339r6p348r8p351r5p367r8p379r8p430r6p431r6p445r8p490r7p568r8p585r6p680r8p684r8p728r8
tensionclimbing,Optical,No matching,1,45,20,p339r6p348r8p351r5p367r8p379r8p430r6p431r6p445r8p490r7p568r8p585r6p680r8p684r8p728r8
tensionclimbing,Hold Tight,No Matching,1,35,22,p315r6p318r8p321r6p348r8p350r8p358r8p359r6p366r8p372r7p379r8p380r5p457r6p566r8p569r6p571r6
tensionclimbing,Sold Out,No Matching,1,35,22,p315r6p318r8p321r6p348r8p350r8p355r8p358r8p359r6p364r6p366r8p379r8p380r5p457r6p562r8p566r8p569r6p571r6p589r7
tensionclimbing,Sold Out,No Matching,1,40,23,p315r6p318r8p321r6p348r8p350r8p355r8p358r8p359r6p364r6p366r8p379r8p380r5p457r6p562r8p566r8p569r6p571r6p589r7
tensionclimbing,Presumably,No matching,1,35,21,p304r8p310r8p323r6p329r8p330r6p336r8p428r8p432r6p447r6p448r6p450r6p465r6p466r8p468r8p478r8p482r6p492r7p497r8p498r5
tensionclimbing,Presumptuous,No matching,1,35,20,p304r8p310r8p314r6p329r6p330r6p332r6p348r8p350r8p372r7p379r8p380r5p428r8p441r6p448r6p454r8
tensionclimbing,Soft Pretzel,,0,35,18,p461r5p481r6p487r6p501r6p566r8p680r8p700r6p705r5p711r7p712r8p725r6p737r6
tensionclimbing,Sterile,No matching,1,35,20,p319r8p334r6p469r8p475r7p481r6p552r6p567r8p584r6p586r6p626r8p631r6p652r5p714r8
tensionclimbing,Touch Off,No matching,1,35,19,p325r6p335r6p355r8p374r7p450r6p463r6p465r6p549r8p551r6p582r5p585r6p611r8
tensionclimbing,Touch Off,No matching,1,40,21,p325r6p335r6p355r8p374r7p450r6p463r6p465r6p549r8p551r6p582r5p585r6p611r8
tensionclimbing,A Fine Line,No matching,1,30,15,p309r7p447r8p464r6p471r6p476r8p477r5p486r5p549r8p699r6
tensionclimbing,A Fine Line,No matching,1,35,17,p309r7p447r8p464r6p471r6p476r8p477r5p486r5p549r8p699r6
tensionclimbing,Return Flight,No matching,1,35,18,p322r6p345r6p348r8p463r6p469r8p490r7p582r5p605r8p680r8p695r6p742r8
tensionclimbing,Return Flight,No matching,1,40,19,p322r6p345r6p348r8p463r6p469r8p490r7p582r5p605r8p680r8p695r6p742r8
tensionclimbing,Unseeing Eye,No matching,1,35,21,p306r6p311r6p314r6p318r8p336r8p435r8p466r8p470r5p471r8p482r6p489r6p607r6p689r8p697r8p736r5p758r7
tensionclimbing,The Host Star,No matching,1,35,24,p351r5p475r6p554r6p580r8p588r6p614r8p626r8p698r6p707r8p719r6p758r7
tensionclimbing,The Host Star,No matching,1,40,25,p351r5p475r6p554r6p580r8p588r6p614r8p626r8p698r6p707r8p719r6p758r7
tensionclimbing,Off to Neverland,No Matching,1,45,22,p429r8p553r6p603r6p636r7p675r8p694r6p696r5p697r5p727r8p728r8p775r8
tensionclimbing,The Dreamer,No matching,1,40,22,p431r6p454r8p488r8p691r6p704r5p723r6p732r6p742r8p750r8p801r7
tensionclimbing,Because I Wanna,,0,40,20,p558r8p570r6p583r6p599r6p611r8p637r8p652r5p672r8p689r8p690r8p692r6p744r6p779r8p784r7
tensionclimbing,Sushi Knight,No Matching,1,40,21,p561r5p573r6p580r8p605r8p607r8p608r6p613r5p615r6p624r6p655r6p687r6p711r7
tensionclimbing,Twist â€˜n Shout,,0,30,24,p456r6p461r8p529r8p571r6p589r7p686r6p720r8p755r6p767r6p774r5
tensionclimbing,Twist â€˜n Shout,,0,40,25,p456r6p461r8p529r8p571r6p589r7p686r6p720r8p755r6p767r6p774r5
tensionclimbing,Twist â€˜n Shout,,0,45,26,p456r6p461r8p529r8p571r6p589r7p686r6p720r8p755r6p767r6p774r5
tensionclimbing,Sweetness,No Matching,1,25,15,p305r5p310r8p348r8p367r8p439r6p450r6p451r6p470r8p484r8p487r8p552r6p567r8p570r6p593r6p599r6p685r8p689r8p701r8p711r7p731r6
tensionclimbing,Sweetness,No Matching,1,35,16,p305r5p310r8p348r8p367r8p439r6p450r6p451r6p470r8p484r8p487r8p552r6p567r8p570r6p593r6p599r6p685r8p689r8p701r8p711r7p731r6
tensionclimbing,Hear You Me,No Matching,1,35,15,p304r8p307r6p350r8p358r8p366r8p369r8p431r6p486r8p492r7p561r5p573r6p575r6p577r6p599r5p614r8p695r6p725r6p737r8
tensionclimbing,Say It Ainâ€™t So,No Matching,1,35,15,p321r5p334r6p344r5p348r8p366r8p368r8p380r8p443r6p550r8p557r7p567r8p570r6p573r6p585r6p593r6p602r6p615r8p628r8p682r8p685r8
tensionclimbing,Crawling In The Dark,No Matching,1,35,16,p318r8p321r5p322r8p366r8p434r6p443r6p447r8p463r6p480r6p485r8p498r8p499r8p557r7p561r5p590r8p689r8p697r6p715r6p724r6p725r6
tensionclimbing,Face Down,No Matching,1,35,15,p318r8p321r5p366r8p463r6p480r6p487r8p498r8p499r8p561r5p590r8p689r8p695r7p697r6p715r6p724r6p725r6
tensionclimbing,Here It Goes Again,No Matching,1,35,15,p305r5p307r6p317r8p318r8p347r6p356r6p358r8p362r6p368r8p372r6p466r8p553r6p562r8p567r8p576r6p602r6p632r8p636r7p683r6
tensionclimbing,Here It Goes Again,No Matching,1,40,15,p305r5p307r6p317r8p318r8p347r6p356r6p358r8p362r6p368r8p372r6p466r8p553r6p562r8p567r8p576r6p602r6p632r8p636r7p683r6
tensionclimbing,My Own Worst Enemy,,0,40,13,p307r6p318r8p351r5p366r8p436r8p472r6p476r8p480r6p484r8p489r6p490r7p549r8p683r5p742r8
tensionclimbing,Higher,No Matching,1,35,21,p317r8p323r6p366r8p379r8p557r7p578r6p588r6p594r6p612r8p613r5p631r6p680r8p685r8p693r6
tensionclimbing,Thunderhead,No Matching,1,35,20,p317r8p323r6p366r8p379r8p550r8p588r6p594r6p612r8p613r5p631r6p680r8p693r6p725r7p737r8
tensionclimbing,Thunderhead,No Matching,1,40,22,p317r8p323r6p366r8p379r8p550r8p588r6p594r6p612r8p613r5p631r6p680r8p693r6p725r7p737r8
tensionclimbing,Jane Says,No Matching,1,35,16,p304r8p310r8p313r6p351r5p379r8p438r5p470r8p549r8p552r6p592r6p605r8p615r6p689r8p724r6p725r7
tensionclimbing,Sober,No Matching,1,35,17,p310r8p313r6p351r5p379r8p438r5p470r8p549r8p552r6p592r6p605r8p615r6p685r8p689r8p711r7p724r6p725r6p740r6p742r8
tensionclimbing,Sober,No Matching,1,40,18,p310r8p313r6p351r5p379r8p438r5p470r8p549r8p552r6p592r6p605r8p615r6p685r8p689r8p711r7p724r6p725r6p740r6p742r8
tensionclimbing,Comeback,No matching set @55,1,55,28,p594r6p618r6p664r7p689r8p707r6p716r6p733r8p735r5
tensionclimbing,Sawmill,No Matching,1,40,22,p313r6p490r7p547r8p567r8p705r5p729r6
tensionclimbing,Millstream,No Matching,1,40,23,p313r6p547r8p567r8p601r6p606r8p636r7p686r6p705r5p729r6
tensionclimbing,Millstream,No Matching,1,45,24,p313r6p547r8p567r8p601r6p606r8p636r7p686r6p705r5p729r6
tensionclimbing,Eon Blue,No matching,1,45,26,p318r8p421r8p466r8p468r5p513r5p586r6p591r6p640r6p650r8p662r7p691r6p696r6
tensionclimbing,Koi No Yokan,No matching,1,40,29,p317r8p386r8p416r8p421r8p609r6p613r5p640r6p641r6p643r6p664r7p665r8
tensionclimbing,Ceruse,No matching,1,45,25,p304r8p355r6p360r6p363r6p375r5p395r5p401r7
tensionclimbing,Ships,,0,35,18,p333r6p560r8p573r6p606r8p634r6p635r6p655r8p667r8p679r7p694r6p695r6p721r8p727r8p733r8p735r5p744r6p759r8p781r6p791r6
tensionclimbing,Sherman,No Matching,1,40,16,p305r5p306r6p312r6p325r6p332r6p362r6p372r6p462r6p549r8p553r6p557r7p575r8p580r8p582r8p616r8p699r6p701r8p712r8p736r8
tensionclimbing,Far And Away,No matching,1,45,16,p372r7p439r5p484r8p549r8p550r5p585r6p593r6p602r6p619r8p702r8
tensionclimbing,Farther Then Away,No matching,1,40,17,p372r6p439r5p484r8p549r8p550r5p585r6p589r7p593r6p602r6p619r8p702r8
tensionclimbing,Farther Then Away,No matching,1,45,17,p372r6p439r5p484r8p549r8p550r5p585r6p589r7p593r6p602r6p619r8p702r8
tensionclimbing,Leave No Stone,,0,45,22,p354r8p356r6p369r8p425r8p454r8p498r5p550r6p573r6p577r6p609r6p648r6p664r7p693r6p702r8p704r6p722r6p733r8p748r8p750r8
tensionclimbing,Invincible,No Matching,1,35,18,p447r8p498r8p507r6p518r7p550r5p552r6p561r5p570r6p689r8p707r8p739r6
tensionclimbing,Immorality,No Matching,1,45,19,p447r8p498r8p507r6p518r6p550r5p552r6p561r5p570r6p689r8p707r8p739r6p781r8p786r7p792r6
tensionclimbing,Dog Town,No Matching,1,35,16,p304r8p351r5p430r6p438r5p441r6p498r8p546r8p549r8p575r6p592r6p605r8p611r8p724r7p736r8
tensionclimbing,H Town,No Matching,1,45,19,p304r8p334r6p351r5p430r6p438r5p441r6p452r6p459r6p462r8p498r8p546r8p549r8p575r6p589r7p592r6p605r8p611r8p724r6
tensionclimbing,The Glass Bridge,No matching,1,40,18,p310r8p351r5p379r8p454r8p567r8p575r6p592r5p699r6p707r6p725r7
tensionclimbing,Inner Assassins,No matching,1,45,21,p310r8p351r5p379r8p454r8p567r8p575r6p589r7p592r5p694r6p699r6p707r6p725r6
tensionclimbing,Maybe Someday,No Matching,1,35,24,p557r7p594r6p686r6p698r6p704r5p750r8
tensionclimbing,Maybe Someday,No Matching,1,40,25,p557r7p594r6p686r6p698r6p704r5p750r8
tensionclimbing,Maybe Someday,No Matching,1,45,26,p557r7p594r6p686r6p698r6p704r5p750r8
tensionclimbing,Layaway,,0,35,22,p350r5p359r5p439r6p444r7p552r6p688r8p702r8p731r6p744r6p747r6
tensionclimbing,Layaway,,0,40,24,p350r5p359r5p439r6p444r7p552r6p688r8p702r8p731r6p744r6p747r6
tensionclimbing,Layaway,,0,45,24,p350r5p359r5p439r6p444r7p552r6p688r8p702r8p731r6p744r6p747r6
tensionclimbing,Unsynthesized,,0,30,26,p315r6p338r6p394r5p395r5p584r6p605r8p688r8p698r6p744r6p786r7
tensionclimbing,Unsynthesized,,0,40,27,p315r6p338r6p394r5p395r5p584r6p605r8p688r8p698r6p744r6p786r7
tensionclimbing,Head and Shoulders,No Matching,1,35,25,p324r6p339r6p475r7p479r8p546r8p548r8p584r6p594r6p693r6p696r5p706r5p712r8
tensionclimbing,Head and Shoulders,No Matching,1,40,26,p324r6p339r6p475r7p479r8p546r8p548r8p584r6p594r6p693r6p696r5p706r5p712r8
tensionclimbing,Start to Zone,,0,40,26,p386r8p416r8p422r5p464r6p482r6p557r7p571r6p576r6p631r6p639r8p781r8
tensionclimbing,Tang,No Matching,1,40,26,p305r5p315r6p340r6p349r8p352r8p385r7p428r8p473r6
tensionclimbing,Jambi,No matching,1,50,27,p364r6p368r5p444r7p563r8p622r6p657r6p665r8p673r8p687r7p709r8
tensionclimbing,Recalibrate,No matching,1,50,29,p351r5p358r8p429r6p611r8p685r6p700r6p746r6p758r7p763r6p779r8
tensionclimbing,Arrangements,No matching,1,50,28,p609r6p635r6p661r8p679r7p693r6p694r6p720r8p722r6p727r8p760r8p763r8p771r8p779r5p788r5p790r6
tensionclimbing,Vecna Returns,,0,45,28,p336r8p379r8p396r6p404r6p422r5p454r8p468r8p475r7p481r6p514r6p526r6p551r6
tensionclimbing,Plume,No matching,1,40,22,p319r8p366r8p387r8p417r5p444r7p565r6p577r6p592r6p603r6p644r5p672r8p682r8p685r8p708r8
tensionclimbing,Plume,No matching,1,45,22,p319r8p366r8p387r8p417r5p444r7p565r6p577r6p592r6p603r6p644r5p672r8p682r8p685r8p708r8
tensionclimbing,Family Ties,No matching,1,45,25,p384r6p469r5p476r8p553r6p624r6p664r7p667r8p702r8p772r8
tensionclimbing,Meat Grinder,,0,50,21,p308r6p374r7p529r8p562r8p563r8p603r6p681r8p727r8p737r6p739r6p774r5
tensionclimbing,Catastrophe,,0,35,18,p452r6p473r6p550r6p563r8p577r8p589r7p689r8p695r6p704r5p722r6p727r8p728r8p733r8p734r8p744r6p750r8
tensionclimbing,Catastrophe,,0,40,21,p452r6p473r6p550r6p563r8p577r8p589r7p689r8p695r6p704r5p722r6p727r8p728r8p733r8p734r8p744r6p750r8
tensionclimbing,Catastrophe,,0,50,23,p452r6p473r6p550r6p563r8p577r8p589r7p689r8p695r6p704r5p722r6p727r8p728r8p733r8p734r8p744r6p750r8
tensionclimbing,Ended,No matching,1,40,20,p364r6p370r6p557r7p567r8p583r5p585r6p595r6p688r8
tensionclimbing,Honest One,No matching,1,40,23,p332r6p334r6p383r8p473r6p498r5p636r7p689r8p706r6p713r8
tensionclimbing,Am Not,No matching,1,45,24,p310r8p320r5p327r8p429r6p446r5p461r8p466r8p473r6p502r6p508r6p522r8p526r6p534r8p711r7
tensionclimbing,Advisor,No matching,1,40,22,p310r8p319r8p336r8p367r8p369r6p392r8p432r6p454r8p557r7p562r8p567r8p569r6p595r6p596r6p613r5p691r6
tensionclimbing,Evil Kin,No matching,1,35,25,p317r8p350r8p554r6p576r6p609r6p613r5p626r8p636r7p713r6
tensionclimbing,Evil Kin,No matching,1,40,27,p317r8p350r8p554r6p576r6p609r6p613r5p626r8p636r7p713r6
tensionclimbing,Evil Kin,No matching,1,45,28,p317r8p350r8p554r6p576r6p609r6p613r5p626r8p636r7p713r6
tensionclimbing,SB*,No Matching,1,45,25,p364r6p374r7p433r6p473r6p499r5p512r8p689r8p694r6p709r8p762r6
tensionclimbing,500 Miles,No Matching,1,45,22,p338r6p372r7p466r8p552r6p617r6p704r5p712r8
tensionclimbing,Tre Classique,No Matching,1,45,22,p304r8p360r8p372r7p430r6p432r6p466r8p469r5p478r6
tensionclimbing,Skate Shoes,no matching,1,40,23,p306r5p317r8p385r7p435r8p477r8p572r6p575r6
tensionclimbing,Skate Shoes,no matching,1,45,23,p306r5p317r8p385r7p435r8p477r8p572r6p575r6
tensionclimbing,Gauge,No matching,1,45,21,p311r6p329r5p331r6p348r8p351r5p366r8p367r8p431r6p448r8p449r6p490r7
tensionclimbing,Extension Intention,No matching,1,45,22,p307r6p320r5p345r6p357r7p374r7p437r5p444r6p450r6p463r6p489r6p497r8
tensionclimbing,Extra Delay,No matching,1,40,20,p304r8p320r5p327r8p344r8p372r7p430r6p432r6p440r6p457r6p466r8p469r5p476r8
tensionclimbing,Extra Delay,No matching,1,45,21,p304r8p320r5p327r8p344r8p372r7p430r6p432r6p440r6p457r6p466r8p469r5p476r8
tensionclimbing,Quan Song,No matching,1,45,27,p549r8p554r6p565r7p588r6p693r6p706r5p708r6p713r5p767r8
tensionclimbing,Shear,No matching,1,45,23,p311r8p329r5p359r5p378r6p411r8p416r8p431r6p450r6p501r8p518r6p519r7p612r8
tensionclimbing,Resolver,No matching,1,45,23,p371r6p565r6p586r6p592r6p687r6p696r8p702r8p704r5p711r7p714r6p748r8
tensionclimbing,Catagorical,No matching,1,45,23,p550r8p567r8p586r6p615r6p623r6p652r5p666r8p668r6p695r6p711r7p737r8
tensionclimbing,Copper Wasp,No matching,1,45,27,p550r6p551r6p571r6p618r6p621r6p636r7p680r8p702r8p712r8p735r5
tensionclimbing,Vantablonde,No matching,1,45,28,p557r7p574r5p614r5p626r8p689r8p713r8p722r6p723r6p734r8p750r8p765r6p768r8p788r8p789r8
tensionclimbing,Frank The Viking,No matching,1,40,23,p322r6p348r8p351r5p358r8p359r8p366r8p367r8p432r6p440r6p490r6p492r7
tensionclimbing,Frank The Viking,No matching,1,45,23,p322r6p348r8p351r5p358r8p359r8p366r8p367r8p432r6p440r6p490r6p492r7
tensionclimbing,Milk,No matching,1,45,24,p439r8p477r8p546r8p559r5p589r7p681r5p702r8p719r6p722r6p724r8p739r6p740r6p750r8p767r6
tensionclimbing,Horses Break,No matching,1,40,27,p363r6p567r8p586r6p664r7p671r6p702r8p705r6p708r6p773r5p779r5p794r8
tensionclimbing,Horses Break,No matching,1,45,29,p363r6p567r8p586r6p664r7p671r6p702r8p705r6p708r6p773r5p779r5p794r8
tensionclimbing,Horses Break,No matching,1,50,30,p363r6p567r8p586r6p664r7p671r6p702r8p705r6p708r6p773r5p779r5p794r8
tensionclimbing,Skerry,,0,40,26,p305r5p315r6p551r6p567r8p643r6p658r8p664r7
tensionclimbing,Serving Swerve,No matching,1,45,26,p317r8p351r5p386r8p557r7p571r6p572r6p587r8p590r8p615r6p705r8
tensionclimbing,Hurt,,0,45,26,p331r8p346r6p476r5p505r5p662r6p679r7p715r6p737r8p794r8
tensionclimbing,Menacing Creation,No matching,1,45,29,p311r6p357r7p376r5p388r5p411r8p429r6p460r6p488r6p568r8
tensionclimbing,Third Eye,No matching,1,55,29,p339r6p363r6p439r5p607r8p618r6p671r7p678r7p698r8p737r8p741r8
tensionclimbing,Cognitive Contortion,No matching,1,40,26,p311r6p328r5p546r8p556r6p581r5p600r8p633r6p641r6p653r8p686r6p693r6p703r8p723r6p728r8p758r7
tensionclimbing,Cognitive Contortion,No matching,1,55,29,p311r6p328r5p546r8p556r6p581r5p600r8p633r6p641r6p653r8p686r6p693r6p703r8p723r6p728r8p758r7
bennykuttler1285,Dante 1,,0,45,22,p304r8p306r5p333r6p357r7p443r6p463r6p569r6
tensionclimbing,Calamity,no matching,1,40,29,p370r6p429r6p461r5p512r5p537r8p547r8p568r8p612r8p624r6p625r6p679r7
tensionclimbing,Overcast,No matching,1,40,26,p305r5p360r6p476r8p560r8p589r7p606r8p621r6p646r6p688r8p691r6
tensionclimbing,Overcast,No matching,1,45,27,p305r5p360r6p476r8p560r8p589r7p606r8p621r6p646r6p688r8p691r6
tensionclimbing,All Plastic,No Matching,1,25,11,p683r5p689r8p692r6p695r6p701r8p704r8p711r7p715r6p721r5p725r6p726r6p727r8p733r8p736r8p737r8p739r6
tensionclimbing,All Plastic,No Matching,1,35,13,p683r5p689r8p692r6p695r6p701r8p704r8p711r7p715r6p721r5p725r6p726r6p727r8p733r8p736r8p737r8p739r6
tensionclimbing,All Plastic,No Matching,1,40,13,p683r5p689r8p692r6p695r6p701r8p704r8p711r7p715r6p721r5p725r6p726r6p727r8p733r8p736r8p737r8p739r6
tensionclimbing,All Plastic,No Matching,1,45,13,p683r5p689r8p692r6p695r6p701r8p704r8p711r7p715r6p721r5p725r6p726r6p727r8p733r8p736r8p737r8p739r6
tensionclimbing,Dear John,No Matching,1,40,15,p549r8p552r6p567r8p584r5p593r5p602r6p614r8p617r6p618r7p683r8p692r8
alex_manikowski,pinch jump 1,No matching,1,45,28,p322r6p582r5p628r8p739r6p755r6p796r8p801r7
AJ,Love is Not Blind,,0,45,24,p319r8p339r6p429r6p435r8p469r5p622r7p748r8
eveevett,self love,No matching,1,50,23,p580r8p611r8p613r5p681r6p683r6p739r6p740r6p796r8p798r6p801r7
sierramcmurry,Jasmine and Reese Project,,0,35,22,p434r6p440r6p454r8p469r5p476r8p492r7p562r8p594r6p682r8p693r6p698r6p733r8
cewickes,Jug Board,No matching,1,40,17,p305r8p372r6p451r6p466r8p552r6p604r6p645r8p679r7p735r5p753r6
bennykuttler1285,Drain from the Brain,No matching,1,40,20,p304r8p310r8p380r5p465r6p480r6p552r6p561r6p758r7
bennykuttler1285,Last Friday Night,No matching,1,40,23,p304r8p311r6p332r6p335r6p378r6p475r7p567r8p591r5p630r5p707r8
bennykuttler1285,Gauge Invariance,No matching,1,35,22,p319r5p338r8p358r5p364r6p436r8p439r6p475r7p552r6p553r6p556r6p602r6p617r6p687r6
bennykuttler1285,Gauge Invariance,No matching,1,45,23,p319r5p338r8p358r5p364r6p436r8p439r6p475r7p552r6p553r6p556r6p602r6p617r6p687r6
iansutherland,Heel Me Baby One More Time,No match,1,30,22,p350r5p379r8p465r6p552r6p571r6p629r5p631r6p716r6p753r8p755r6p758r7
iansutherland,Heel Me Baby One More Time,No match,1,40,23,p350r5p379r8p465r6p552r6p571r6p629r5p631r6p716r6p753r8p755r6p758r7
iansutherland,Spiral Staircase,No match,1,35,18,p310r8p379r8p582r5p599r6p615r6p617r6p618r6p636r7
iansutherland,Spiral Staircase,No match,1,40,18,p310r8p379r8p582r5p599r6p615r6p617r6p618r6p636r7
iansutherland,Spiral Staircase,No match,1,45,21,p310r8p379r8p582r5p599r6p615r6p617r6p618r6p636r7
sandals,Buccaneers,,0,35,22,p306r5p352r8p381r8p436r8p475r7p477r8p484r8p564r6p570r6p594r6p710r6p753r5
wwoslum,onsight,no match,1,25,20,p315r6p433r6p439r6p468r5p475r7p476r5p586r6p698r6p701r8p748r8
iansutherland,Words Iâ€™ve Never Said,No Match,1,35,23,p350r5p557r7p569r6p572r6p611r8p629r5p630r6p680r8p684r8p685r6p694r6
iansutherland,Words Iâ€™ve Never Said,No Match,1,40,24,p350r5p557r7p569r6p572r6p611r8p629r5p630r6p680r8p684r8p685r6p694r6
iansutherland,Words Iâ€™ve Never Said,No Match,1,45,26,p350r5p557r7p569r6p572r6p611r8p629r5p630r6p680r8p684r8p685r6p694r6
iansutherland,Absolute Power,No Match,1,40,22,p313r6p318r8p322r6p357r7p385r6p440r6p466r8p469r5p476r8
iansutherland,Rhapsody,No match,1,30,18,p570r6p582r5p584r6p611r8p627r8p631r6p692r6p725r6p740r6p758r7
iansutherland,Rhapsody,No match,1,45,20,p570r6p582r5p584r6p611r8p627r8p631r6p692r6p725r6p740r6p758r7
iansutherland,Woody Allen,,0,40,19,p345r6p348r8p354r6p366r8p380r5p451r6p463r6p492r7p498r8p499r8p503r6
bennykuttler1285,My Way,No matching,1,45,22,p381r8p454r8p552r6p591r8p601r6p609r6p636r7p681r8p693r6p713r5p753r5
bennykuttler1285,Jedi Mind,No matching,1,40,24,p313r6p338r6p343r5p350r8p366r8p452r6p552r6p560r5p615r8p757r7
jacobsrya,Banana Peel,,0,30,20,p557r7p564r6p571r6p579r8p581r5p592r6p594r6p629r5p631r6p716r6p724r6
jacobsrya,Banana Peel,,0,35,22,p557r7p564r6p571r6p579r8p581r5p592r6p594r6p629r5p631r6p716r6p724r6
jacobsrya,Banana Peel,,0,40,23,p557r7p564r6p571r6p579r8p581r5p592r6p594r6p629r5p631r6p716r6p724r6
iansutherland,Teenagers Scare the Living,No Match,1,40,24,p310r8p311r6p324r6p342r6p367r8p428r8p429r6p486r5p617r6p711r7
iansutherland,Center Piece,No Match,1,40,23,p310r8p350r5p379r8p442r6p552r6p591r6p600r6p629r5p710r6p716r6p758r7
iansutherland,Thunderstruck,No match,1,35,17,p308r6p348r8p367r8p380r5p557r7p567r8p592r6p600r6p604r6
iansutherland,Thunderstruck,No match,1,40,18,p308r6p348r8p367r8p380r5p557r7p567r8p592r6p600r6p604r6
iansutherland,Thunderstruck,No match,1,45,19,p308r6p348r8p367r8p380r5p557r7p567r8p592r6p600r6p604r6
iansutherland,Thunderstruck,No match,1,50,20,p308r6p348r8p367r8p380r5p557r7p567r8p592r6p600r6p604r6
iansutherland,Starships Were Meant to Fly,,0,35,17,p344r6p347r6p374r7p462r6p466r8p497r8p498r5p552r6p617r6
iansutherland,Starships Were Meant to Fly,,0,40,17,p344r6p347r6p374r7p462r6p466r8p497r8p498r5p552r6p617r6
iansutherland,Starships Were Meant to Fly,,0,45,19,p344r6p347r6p374r7p462r6p466r8p497r8p498r5p552r6p617r6
iansutherland,Mothership Connection,No Match,1,40,21,p336r8p341r6p358r5p374r7p436r8p445r8p571r6p578r6p581r5p599r6p611r8p691r6p693r6
iansutherland,"Et Tu, Brutus?",No match,1,40,22,p310r8p380r5p564r6p576r6p581r6p594r6p611r8p615r6p694r6p711r7
constant_classics,no thanksâ€¦,,0,25,16,p310r8p316r6p351r5p358r8p366r8p379r8p584r6p622r6p632r6p636r7
wrongwong,Peanut Power,No Match,1,40,23,p307r6p337r5p452r6p482r6p492r7p571r6p605r8p611r8p619r8p630r5p693r6p754r8
jenniferrenaud,Wunder Under,No Match,1,45,20,p313r6p367r8p379r8p582r5p600r6p604r6p636r7
tensionclimbing,Into The Dark,No matching.,1,30,20,p331r6p347r6p450r6p547r8p550r6p582r6p599r6p611r8p620r8p643r6p648r6p652r5p659r8p663r6p679r7p688r8p714r6
tensionclimbing,A Discordant System,No matching,1,45,27,p320r8p328r6p330r6p343r8p374r7p386r8p405r6p406r6p408r6p428r8p468r5p476r5
AJ,Loveâ€™s Not Blind,no matching,1,45,24,p319r8p339r6p429r6p435r8p469r5p622r7p748r8
iansutherland,A Jazzy Christmas,No match.,1,40,22,p305r5p338r6p346r6p367r8p380r8p429r6p546r8p594r6p618r6p636r7
iansutherland,Rack City,No match,1,30,21,p548r8p553r6p572r6p620r8p623r6p635r7p713r5p727r8p729r6p742r5
iansutherland,Rack City,No match,1,35,22,p548r8p553r6p572r6p620r8p623r6p635r7p713r5p727r8p729r6p742r5
iansutherland,Rack City,No match,1,40,24,p548r8p553r6p572r6p620r8p623r6p635r7p713r5p727r8p729r6p742r5
rayerunsfree,What Do Cherries Do?,No match,1,40,20,p331r6p336r8p348r8p356r6p432r6p447r6p569r6p581r5p582r6p603r6p629r5p636r7p715r6p734r8
rizoman7,Swamp Azz,No matching,1,40,23,p304r8p334r6p367r5p379r8p475r7p553r6p581r5p631r6
bennykuttler1285,String Theory,No matching,1,45,22,p367r8p379r8p492r7p562r8p580r8p591r5p613r5p615r6p617r6p682r8p692r6p695r6p731r6p758r7
bennykuttler1285,Buckeyes,"No matching
Improved version of Buckeye",1,45,22,p454r8p482r6p552r6p557r7p570r8p684r8p696r5p724r6p732r6p753r5
BetaBoyBoards,Boba,No matching!,1,45,25,p313r6p320r5p343r5p431r6p482r6p626r8p631r6p732r7
bennykuttler1285,Loch Ness Monster,No matching,1,45,16,p333r6p344r6p367r8p379r8p380r5p500r8p570r6p579r8p593r6p683r8p704r8p725r6p726r6p758r7
bennykuttler1285,Factor Analysis,No matching,1,40,23,p328r5p359r5p445r8p460r6p477r8p552r6p572r6p592r8p694r6p758r7
bennykuttler1285,Factor Analysis,No matching,1,45,24,p328r5p359r5p445r8p460r6p477r8p552r6p572r6p592r8p694r6p758r7
benblackmore4,anti jade,,0,45,28,p329r5p352r5p379r8p464r6p473r6p567r8p607r6p784r7
bennykuttler1285,Solar War I,No matching,1,40,20,p329r5p330r5p345r6p350r8p366r8p450r6p462r8p463r6p474r7p503r6
bennykuttler1285,The Shining,No matching,1,45,23,p549r5p557r7p561r5p596r6p605r8p609r6p615r6p616r6p622r6p633r6
likinlichen,Moss Boss,,0,45,17,p309r6p320r5p351r5p366r8p379r8p470r8p557r7p570r6p579r8p600r6p697r6p725r6
climber_1753295416,love is an open door.,No matching,1,40,20,p305r5p442r6p452r6p454r8p559r5p579r8p585r8p604r6p636r7p692r6p701r8p706r6p753r6
iansutherland,Trampoline,No match,1,45,18,p439r6p468r8p557r7p559r5p579r8p593r6p599r6p602r6p603r6p701r8p704r5
iansutherland,Dead Leaves on the Dirty Ground,No match,1,40,24,p327r8p429r6p437r5p445r5p452r6p458r6p566r8p579r8p696r6p702r8p738r6p750r8p752r6p758r7
iansutherland,Levitate Above the Hate,No match,1,45,20,p451r6p497r8p604r6p618r7p692r6p701r8p703r5p751r5p753r6
climber_1753295416,Calle Ocho.,No matching,1,35,23,p322r6p380r5p381r8p499r8p566r8p571r6p628r8p631r6p739r6p756r6p758r7
jeffers666,Seafood Salad,,0,45,18,p309r6p344r6p345r6p549r8p611r8p613r5p628r8p692r6p710r6p711r7p737r8
dubz1989,DW prob 1,,0,40,28,p355r6p456r6p464r6p485r5p505r5p519r7p682r6p748r8p789r8p794r8
de_Justin,Spider Cider,,0,40,27,p318r5p379r8p503r6p574r6p576r6p629r5p716r6p728r8p729r6p732r7p734r8
jstar,Frog Tea,,0,45,19,p329r8p552r6p564r6p581r5p611r8p617r6p630r5p631r6p695r6p711r7
dawsonplltr,fucx Part-3,,0,45,23,p333r6p366r8p557r7p574r5p579r8p593r6p630r5p686r6p716r6
briansquire,The Tinder Swindler,,0,50,28,p338r5p464r6p468r5p475r7p701r8p716r6p757r6
willanglin,MIDI,No matching,1,45,24,p353r8p359r8p366r8p367r8p371r6p377r6p380r5p424r6p432r6p450r6p465r6p519r7
willanglin,By The Sword,No matching,1,40,27,p546r8p557r7p571r6p582r5p591r6p609r6p626r8p653r8p655r6
connormisra,Make it forever extension,,0,45,29,p348r8p455r5p476r5p551r6p554r6p590r8p618r6p636r7p689r8
joe_watters,Commotio Cordis,,0,30,25,p342r6p346r6p374r7p456r6p464r6p478r6p483r8p498r5
joe_watters,Commotio Cordis,,0,45,28,p342r6p346r6p374r7p456r6p464r6p478r6p483r8p498r5
iansutherland,Baptized in Fire,No match,1,40,25,p310r8p348r8p351r5p383r8p552r6p594r6p596r6p597r6p612r8p636r7p694r6
iansutherland,Out of Body,No match,1,40,24,p374r7p440r6p464r6p498r5p564r6p565r6p701r8p742r6
briansquire,The Heist,,0,45,28,p314r6p327r5p350r5p428r8p698r6p728r8p745r6p758r7
MichaelClimbs,hop scotch,No matching,1,40,18,p306r6p308r6p559r5p579r8p681r5p701r8p711r7p715r6p726r6p749r8
briansquire,The Secret Life of Will Anglin,,0,45,25,p331r6p334r6p343r5p358r5p456r6p566r8p606r8p626r8p636r7
willanglin,Unrelenting Hand,No matching,1,40,23,p473r6p475r7p478r6p498r5p508r6p689r8p733r8
willanglin,Good For You,No matching,1,40,25,p551r6p564r6p567r8p581r5p599r5p711r7p716r6
bviola123,Christmas Lights,,0,40,15,p305r8p352r8p356r6p369r8p372r6p374r7p380r8p463r6p472r6p484r8p497r8p552r6p593r6p602r6p617r6p701r8p735r5p753r6
bviola123,Christmas Lights,,0,45,17,p305r8p352r8p356r6p369r8p372r6p374r7p380r8p463r6p472r6p484r8p497r8p552r6p593r6p602r6p617r6p701r8p735r5p753r6
fster734,My Next Guest,No match,1,40,22,p317r8p322r6p324r6p334r6p351r5p362r6p475r7p626r8
fster734,Doctor with all Câ€™s in College,No match,1,40,23,p306r5p334r6p361r8p430r6p444r7p464r6p499r8p547r8p727r8p734r8
jonathanstowers,After School Special 4,,0,45,18,p304r8p438r5p450r6p462r6p485r8p557r7p559r5p580r8p701r8p714r6p726r6p754r6
jaspertobey,Noodle Brain,,0,45,22,p304r8p449r6p499r8p575r6p581r5p589r7p611r8p629r5p695r6p699r6
matt_fultz,Simplify,No matching,1,40,27,p355r6p476r8p557r7p561r5p624r6
willanglin,Lesser Demons,"No matching. 

A less friction dependent exit version of â€œHellionâ€.",1,45,27,p551r6p582r5p594r6p627r8p652r8p694r6p732r6p765r6p786r7p789r8
jonathanstowers,Lights on the Water,,0,45,19,p309r6p428r8p444r7p454r8p457r6p480r6p700r6p703r5p713r6p733r8p751r5p753r6
mk425surf,"Life in Plastic, it's Fantastic",shouldn't need a match. go slow,0,25,11,p546r8p557r7p561r5p567r8p570r6p573r6p593r6p599r5p602r6p604r6p611r8p704r8
LordofTheGumbies,You Killed Kenny,No matching,1,30,22,p345r6p348r8p581r5p586r8p594r6p615r8p629r5p631r6p694r6p716r6p756r6p758r7
nickpellegrino,Hard Truth,No matching,1,45,27,p322r6p337r5p338r6p363r6p370r6p373r6p444r7p445r8p461r5p466r8p684r8
bennykuttler1285,Hearthstone,No matching,1,40,22,p454r8p463r6p484r8p498r5p572r6p576r8p594r6p634r6p636r7p684r8p714r6p733r8
iansutherland,Knights of Cydonia,No match,1,30,24,p351r5p379r8p457r6p502r6p557r7p579r8p690r8p691r6p702r8p718r6p746r6p750r8
andrewcalder9a,spirit sleep,Set @35,0,40,24,p304r8p331r6p460r6p492r7p499r5p591r8p696r6p727r8p729r6
iansutherland,Chop Suey!,No match,1,30,20,p322r6p374r7p468r8p552r6p556r6p572r6p701r8p713r5p721r5p750r8
iansutherland,Chop Suey!,No match,1,40,22,p322r6p374r7p468r8p552r6p556r6p572r6p701r8p713r5p721r5p750r8
zachgalla,wright brothers,,0,40,27,p326r7p351r8p547r8p548r8p553r6p574r5p620r5p626r8p628r8p731r6
nicholson.brendan,Llama Chips,,0,40,17,p308r6p335r6p360r8p374r7p454r8p603r6p682r8p697r6p712r8p722r6p733r8p735r5
matt_fultz,Itâ€™s Corn,No matching,1,40,23,p341r6p353r6p369r6p401r7p438r5p476r5p484r8p497r8p550r6p567r8p621r6
nicholson.brendan,River Walk,,0,25,12,p356r6p366r8p561r5p567r8p570r6p579r8p582r5p589r7p593r6p603r6p606r8
nicholson.brendan,Perfect Information,,0,30,20,p430r6p471r6p557r7p687r6p712r8p713r5p717r6p730r6p748r8p751r5
nicholson.brendan,Hold Your Horses,,0,35,15,p336r8p344r6p379r8p380r5p474r6p490r6p549r8p579r8p593r6p692r6p699r6p713r8p742r8p758r7
nicholson.brendan,Hold Your Horses,,0,45,16,p336r8p344r6p379r8p380r5p474r6p490r6p549r8p579r8p593r6p692r6p699r6p713r8p742r8p758r7
iansutherland,Hazy Sunshine,No match,1,40,19,p438r8p443r6p480r6p557r7p684r8p701r8p724r6p735r5p748r8p754r6
iansutherland,The Meteorite is Coming,No match,1,35,22,p333r6p380r8p475r7p497r8p498r5p501r8p553r6p576r6p701r8p718r6p721r6
iansutherland,The Meteorite is Coming,No match,1,40,23,p333r6p380r8p475r7p497r8p498r5p501r8p553r6p576r6p701r8p718r6p721r6
nicholson.brendan,New Game,,0,40,18,p313r6p330r6p560r8p579r8p581r5p590r8p599r6p600r6p603r6p611r8p618r6p629r5p636r7
bviola123,Country Slicker,,0,40,27,p327r8p381r5p431r6p610r7p621r6p627r8
chuffsalad,Enjoy the Flow,you can probably break the beta very easily... but please don't,0,45,22,p310r8p327r8p342r6p357r7p450r6p452r6p454r8p547r8p549r8p581r5p591r8p599r6p611r8p613r5p697r6p705r6p728r8p754r6
chuffsalad,Hodor!!,no matching,1,40,27,p311r6p343r5p359r8p374r7p428r8p429r6p437r5p485r8p488r6p547r8p555r6p682r8p691r6
iansutherland,Twisted Transistor,No match,1,30,23,p428r8p498r5p689r8p693r6p698r6p713r6p731r6p748r8p750r8p755r6p758r7
DHeinz,Fatty Fat,,0,45,27,p549r5p551r6p557r7p579r8p594r6p713r6p716r6
wwoslum,Anticipation,no match,1,40,22,p304r8p345r6p380r5p434r6p492r7p584r6p693r6p737r8
iansutherland,Simple Man,No match,1,50,19,p336r8p557r7p559r5p567r8p573r6p579r8p692r6p695r6p697r6p701r8p735r5
iansutherland,Black out,No match,1,50,22,p304r8p314r6p318r8p350r8p432r6p549r8p569r6p701r8p703r5p711r7p714r6p726r6p735r5
iansutherland,Opium,No match,1,45,20,p358r8p381r8p484r8p497r8p498r5p557r7p567r8p570r6p593r6p604r6p617r6p689r8p701r8p706r6p715r6
nowheels,Airsnail,Matching is on,0,45,27,p417r5p552r6p617r6p700r6p739r6p758r7
nicholson.brendan,Marine Science,,0,40,19,p304r8p313r6p319r5p459r6p478r8p570r6p575r6p701r8p704r5p724r6p749r8p758r7
iancraig,you bastard,no matching,1,40,24,p345r6p348r8p444r7p581r5p594r6p596r6p629r5p631r6p694r6
bigsausages,Best in the West,,0,40,24,p331r6p336r8p475r7p556r6p559r5p563r8p681r5p686r6p689r8p691r6p701r8
eli.fayloga,Snotty,,0,40,20,p380r5p552r6p573r6p579r8p589r7p683r6p739r6
iansutherland,Soda.,No match,1,50,23,p313r6p335r7p378r6p380r8p385r6p428r8p446r5p487r5p497r8p498r8p553r6p563r8p589r7p701r8p715r6
iansutherland,Love Illumination,No match,1,40,18,p333r6p451r6p466r8p468r8p498r5p499r8p557r7p714r6p722r6p739r6
ageiman,Roar,,0,45,26,p475r7p527r8p552r6p733r8p735r5p739r6
fster734,Flash Flood,No match,1,40,23,p345r6p348r8p367r8p375r5p381r5p436r8p456r8p469r8p574r6p591r8p716r6p724r6p757r7
cheekychase,Long Live Cowgirls,No matching,1,40,28,p311r6p342r6p429r6p445r8p455r5p507r8p527r8p615r8p623r6p633r6p658r8p667r8p727r8p732r7p752r5
nicholson.brendan,Experience,,0,40,19,p322r6p358r8p366r8p385r6p549r5p589r7p599r5p600r6p602r6
iansutherland,Stealing Society,No match,1,40,21,p313r6p454r8p463r6p499r5p560r8p562r8p567r8p572r6p589r7p601r6p620r8p706r5
iansutherland,A Milli,No match,1,50,23,p312r6p454r8p459r6p497r8p498r5p557r7p701r8p706r6p716r6p742r8p749r8p753r6
ElCash,Char siu bao,,0,45,27,p314r6p343r5p475r7p550r5p605r8p743r6
linguinelats,Anti-Gravity,,0,40,23,p322r6p332r6p351r5p357r7p383r6p385r6p469r5p560r8p563r8p567r8p701r8
ColinSquire,Rocket Powered Rhino,,0,40,26,p348r8p350r5p429r6p438r5p488r6p492r7
cheekychase,Haters Ball,,0,45,28,p411r5p516r8p551r6p571r6p579r8p583r6p628r8p756r6p757r6p801r7
willanglin,Boat Float,No matching,1,40,20,p550r6p704r5p722r6p724r6p725r7p750r8
willanglin,Boat Float,No matching,1,45,20,p550r6p704r5p722r6p724r6p725r7p750r8
willanglin,Sure Fair Yeah,No matching,1,40,27,p576r6p588r7p591r5p620r5p685r6p688r8p710r7p729r6
willanglin,Pulled At Random,No matching,1,40,26,p572r7p623r7p693r6p701r8p703r5p716r6p730r6p734r8p742r5
iansutherland,Agua De Beber,No match,1,45,23,p305r5p318r8p327r8p429r6p447r8p478r6p694r6p716r6p723r6p740r6p741r8p758r7
iansutherland,How Bizarre,No match,1,45,24,p380r5p464r6p472r6p546r8p550r6p581r6p611r8p746r6p753r8p757r7
iansutherland,You Never Know,No match,1,50,18,p308r6p466r8p484r8p497r8p498r5p557r7p699r6p722r6p726r6p753r6
kerryscott123,Slippy the Frog,No Matching,1,40,23,p485r8p554r7p559r5p594r6p681r5p691r6
mikerosay,"10,000 Days",No matching,1,50,30,p350r5p464r6p495r6p569r6p579r8p580r8p601r6p620r8p626r8p657r5p672r8p690r8p765r6p775r8p789r8p801r7
lukaslee,Anything,,0,40,22,p333r6p449r6p450r6p589r7p689r8p713r5p733r8p752r5p754r6
lukaslee,Change,,0,40,22,p304r8p346r6p374r7p430r6p461r5p553r6p686r6p701r8p703r5p714r6
iansutherland,Cherry Tree,No match,1,45,22,p308r6p318r8p336r8p439r6p466r8p497r8p498r5p573r6p600r6p612r8p704r6p711r7
iansutherland,Hey Brother,No match,1,50,25,p318r8p559r5p586r8p681r5p684r8p687r7p701r8p714r6p723r6p724r6p734r8p741r8p754r6
jacobtron,Post Stallone,No matching,1,40,20,p307r8p336r8p379r8p453r6p570r6p571r6p582r5p631r6p695r6p758r7
lukaslee,The Fifth Spring,No match,1,30,21,p335r6p338r6p345r6p350r8p375r5p410r8p447r8p451r6p609r6p611r8p636r7p654r5
danielwoodseyetattoo,Dr. Butt-dragger,No Matching,1,45,20,p333r6p549r8p552r6p557r7p591r8p701r8p705r5p716r6p752r5p754r6
matt_fultz,The Octopus Knight,No matching,1,40,27,p576r6p594r6p664r7p669r6p753r6p774r5p794r8
mikerosay,Set The Ray To Jerry,No matching,1,55,28,p565r7p586r6p597r7p611r8p613r5p640r6p643r6p653r8p665r8p667r8p709r8
demrirose04,Borgz,,0,55,22,p308r6p420r8p552r6p574r6p611r8p631r6p652r5p725r6p740r6p801r7
kerryscott123,Play Go Round,No Match,1,55,22,p469r5p512r8p570r6p617r6p618r6p664r7p692r6p722r6
danielwoodseyetattoo,You Caught the Ugly,No Matching,1,40,22,p318r8p341r6p380r8p428r8p468r5p484r8p494r5p560r8p569r6p571r6p597r6p615r8p636r7p680r8p695r6p707r6p714r6
mikerosay,HarlequinðŸƒEmoji,No matching,1,55,28,p406r6p583r5p594r6p611r8p636r7p644r6p645r6p665r8
willanglin,Idle,No matching,1,40,25,p551r6p565r6p567r8p580r8p581r5p630r5p641r6p643r6p684r8p686r6p693r6p711r7p722r8
linguinelats,NBA Slow Jams,,0,45,23,p326r7p359r5p415r5p432r6p563r8p601r6p612r8p617r6p656r8p686r6
BrandonClimbs,The Vienna,,0,40,22,p326r6p356r6p401r7p470r8p495r6p499r5p676r8p720r8p726r6p791r6p796r5
BrandonClimbs,En Passant,,0,40,27,p340r6p355r6p380r5p460r6p482r6p605r8p606r8p789r8p793r6p798r8p800r7
fullofrice,Flaming,No Matching,1,40,26,p319r5p435r8p438r5p484r8p492r7p501r6p539r8p691r6p746r6p762r6
austinsarles,Palm Top Tiger,,0,50,27,p322r6p453r6p579r8p581r5p617r6p629r8p630r5p686r6p758r7
cruxpadwell,"Loop, Swoop, & Pull",,0,50,23,p307r6p351r5p358r8p365r8p429r8p492r7p550r8p571r6p580r8p626r8p725r6p743r8
importedbean,Tender Tension,No match,1,40,22,p313r6p444r7p469r5p549r8p593r6p609r6p714r6p733r8
paulcorsaro,The Net is Unbreakable,,0,40,22,p346r6p358r8p366r8p379r8p445r8p551r6p555r6p579r8p613r5p632r6p695r6p711r7p742r8
fullofrice,Crest,No Match,1,45,23,p343r5p458r6p461r5p484r8p501r6p557r7p714r6p731r6
danxyu,Upline,No matching,1,50,19,p374r7p577r6p582r5p600r6p602r6p650r8
Walliboo,yaoooo,,0,50,27,p306r5p374r7p550r8p553r6p633r6p689r8p752r5
fster734,Through the Glare,No matching,1,40,20,p306r6p327r5p347r6p358r5p384r6p439r6p445r8p552r6p580r8p594r6p599r8p636r7p701r8
Prabuski,Doodlie Do It,,0,25,15,p557r7p571r6p585r8p682r8p707r6p725r6p733r8p739r6p741r8p749r8p753r6p774r5p794r8
agresta,Might of Manon,,0,45,27,p454r8p554r6p576r6p618r6p636r7p696r5p733r8p751r5p753r6
agresta,Bounty Hunt,No Matching,1,45,27,p304r5p338r6p341r6p348r8p444r7p448r8p461r5p485r8p578r6p622r6p698r6
willanglin,Gâ€™on Now,No matching,1,40,21,p310r8p358r5p431r6p490r7p581r5p591r8p592r6p689r8p695r6p728r8
mikerosay,Hot Pipes,No matching,1,55,22,p348r8p358r8p386r8p439r6p542r8p552r6p563r8p582r5p724r6p739r6p784r7
paulcorsaro,Fly Famous Mockingbird,,0,40,25,p321r6p383r8p478r6p554r6p559r8p566r8p580r8p604r6p636r7p681r8p701r8p703r5p729r6p751r5
henrikm11,Smooth sailing,,0,25,13,p344r6p362r6p372r7p380r8p549r8p552r6p559r5p561r6p579r8p617r6p681r5p689r8p701r8
nowheels,The Prince,No Matching,1,45,30,p436r8p488r6p514r8p550r8p556r6p576r6p596r6p611r8p613r5p655r8p663r7
Runeklimzaalblok,first tension,,0,25,13,p307r8p308r6p462r5p484r8p498r8p582r8p689r8p705r8p711r7p726r6p739r6p753r5
willanglin,Spellbook,No matching,1,45,27,p311r6p555r6p556r6p600r8p610r7p722r5p730r6p763r5p773r8
mayafm3,My Entire Day,No matching,1,60,27,p312r6p361r8p487r6p552r6p557r7p696r6p703r5p717r6p733r8p740r6p751r5
willanglin,Ascention,No matching,1,50,21,p362r6p366r8p546r8p557r7p561r5p573r6p582r5p600r6p602r6p615r8
willanglin,Earthrise,No matching,1,50,22,p326r7p347r6p357r6p366r8p367r8p444r7p547r8p553r6p579r8p581r5p584r6p600r6p602r6p614r5
willanglin,Debris,No matching,1,50,21,p313r6p321r5p350r8p561r5p570r6p694r6p725r6p740r6p786r7
willanglin,ReDirection,,0,50,22,p306r6p510r8p577r8p580r8p589r7p590r8p600r6p610r6p617r6p628r8p639r8p648r6p661r6p666r8p701r8p735r5
willanglin,Enhanced Contrast,No matching,1,30,22,p310r8p330r6p351r5p379r8p449r6p471r6p567r8p723r6p736r8p740r6p754r8p758r7
willanglin,Enhanced Contrast,No matching,1,50,25,p310r8p330r6p351r5p379r8p449r6p471r6p567r8p723r6p736r8p740r6p754r8p758r7
willanglin,Sunlight for Plants,No matching,1,40,17,p318r8p333r6p451r6p477r8p552r6p567r8p584r6p611r8p613r5p631r6p682r8p714r8p725r7
willanglin,Sunlight for Plants,No matching,1,45,17,p318r8p333r6p451r6p477r8p552r6p567r8p584r6p611r8p613r5p631r6p682r8p714r8p725r7
willanglin,Ghost Mile,No matching,1,40,18,p310r8p321r6p439r6p450r6p451r6p484r8p487r6p599r6p603r7p611r8p613r5p682r8p685r8p689r8p706r6p739r6
willanglin,Ghost Mile,No matching,1,45,19,p310r8p321r6p439r6p450r6p451r6p484r8p487r6p599r6p603r7p611r8p613r5p682r8p685r8p689r8p706r6p739r6
zgroenwald,Lake of Malice,,0,45,25,p483r8p519r7p716r6p722r6p735r5p740r6
N.Coleman,and he brought gifts,no matching,1,45,26,p369r6p410r8p465r6p594r6p652r5p684r8p698r6p731r6p753r8p801r7
REALRockinclimber,masterpiece,,0,50,28,p350r5p360r6p392r5p436r8p556r6p563r8p572r6p579r8p601r6p629r8p640r6p654r6p665r8p729r8p732r6p797r8p800r7
lucamne,lucasWarmup@25,,0,25,15,p304r8p312r6p320r5p346r6p347r6p373r7p432r6p438r5p440r6p462r6p463r6p579r8p600r8p701r8
danefri1,the aether,no matching,1,45,27,p327r8p374r7p378r6p466r8p473r6p479r6p618r6p691r6p734r8p735r5
benitoenblanco,all...allright,no matching,1,45,28,p315r6p327r8p348r8p375r5p395r5p436r8p473r6p499r8p569r6p574r6p634r6p636r7
zachgalla,headache,,0,45,29,p350r5p358r5p392r8p526r7p563r6p580r8p650r8p708r6p734r8p742r6p746r6p762r6
zachgalla,lemon tech,,0,45,28,p386r8p456r6p458r6p478r6p512r8p549r8p582r5p597r6p625r6p676r8p679r7p780r6
willanglin,Waiting For The Day,No matching.,1,45,26,p428r8p439r6p445r8p557r7p580r8p585r6p693r6p703r5p706r6p737r8p751r5
willanglin,Whittled Down,,0,40,26,p557r7p566r8p693r6p704r5p706r6p727r8p765r6p767r6p781r6
aidandenniston,brace face,No match,1,40,22,p306r6p497r8p589r7p590r8p591r8p600r6p602r6p612r8p633r6p698r6p701r8p735r5
mikerosay,You've Seen the Butcher,No matching,1,55,30,p342r6p401r7p493r5p527r8p551r6p554r6p574r8p591r8p693r6p716r6p755r8p763r8p766r5
limberlimb,Violet,No matching,1,40,22,p342r6p343r5p439r5p444r7p593r6p597r6p601r6p642r6p653r8p712r8
matt_fultz,Meet Outside,No matching unless you make it look cool.,1,40,29,p429r6p512r8p514r6p611r8p612r8p613r5p650r8p784r6p792r7
jakemarlow,Down Along the Creek,,0,40,23,p334r6p342r6p401r7p464r6p496r6p511r8p537r8p621r8p735r5p736r5p780r8
dylanschuenemann,case of one,,0,40,25,p331r6p435r8p571r6p606r8p620r8p643r6p644r8p664r7p704r5p720r8p722r6p748r8p760r8
zoebeau,A day in LA,,0,40,22,p324r6p339r6p345r6p371r6p380r8p475r7p497r8p564r6p697r6p701r8p735r5
dylanschuenemann,pelvis presley,WATCH YO KNEES,0,45,26,p357r7p359r8p366r8p368r5p430r6p477r8p482r6p552r8p687r6p717r6p763r8
actuator,lumber yard,no matching,1,45,24,p351r5p365r8p376r8p411r8p429r6p446r6p475r7p488r6p503r6p535r8
willanglin,Dread,No matching.,1,40,21,p331r6p332r6p358r8p494r5p566r8p567r8p588r7p701r8p703r5p710r7p714r6
mekkx,The Brindle Room,no matching,1,45,28,p311r6p315r6p437r5p468r5p479r6p496r6p499r6p609r6p636r7p748r8
schadderek,"Please, donâ€™t murder me",No matching,1,50,27,p337r8p378r6p551r6p557r7p618r6p635r6p689r8p690r8p693r6p733r8p752r5
dylanschuenemann,Marceline,No matching,1,40,26,p430r6p466r8p503r6p570r6p704r8p707r6p728r8p765r6p774r5p794r8p801r7
dylanschuenemann,Marceline,No matching,1,45,27,p430r6p466r8p503r6p570r6p704r8p707r6p728r8p765r6p774r5p794r8p801r7
limberlimb,Cryosphere,No matching,1,40,23,p326r7p362r6p431r6p465r6p605r8p613r5p644r5p650r8p693r6p713r8
willanglin,Ethylene,No matching,1,40,20,p317r8p320r5p439r6p466r8p496r6p545r7p681r5p689r8p721r8p737r6p773r8p797r6
mikerosay,Doomed User,,0,40,26,p359r8p368r8p533r5p534r8p554r6p600r6p620r8p631r8p643r6p664r7p667r8p703r5p716r6p753r6p794r8
michaelmontella,Cents of Purpose,No match,1,45,27,p340r6p412r6p420r8p421r8p444r7p607r6p630r5p672r8p673r8p693r6p713r8p739r8
mikerosay,Pit Viper,No matching,1,50,27,p582r6p650r8p652r5p683r6p735r8p758r7p774r6p781r6p798r6
samueljasper,Sweetgum,,0,50,22,p333r6p428r8p430r6p438r5p442r6p452r6p462r6p476r5p484r8p492r7
PeviTz,v-cheesy,,0,40,17,p330r8p333r6p379r8p552r6p557r7p567r8p593r6p631r6p652r5p695r6
collinb,chlorophyll,no match,1,40,23,p310r8p351r5p386r8p395r8p554r6p590r8p600r6p601r6p618r6p664r7
BrandonClimbs,Orgains,,0,40,16,p307r6p358r8p366r8p451r6p478r8p486r8p509r6p559r5p577r6p579r8p599r6p681r5p724r6p758r7
Nstegall,This Link is Dead,,0,45,25,p416r8p427r7p546r8p552r6p559r5p617r6p643r6p681r5
carlotraversi,First One,,0,40,28,p338r6p401r7p438r5p476r8p594r6p645r6
cwebb,Smell of Dirt,,0,45,19,p306r6p307r6p318r8p345r6p358r8p437r8p442r6p451r6p466r8p469r5p486r8p492r7p497r8
limberlimb,Bishop Pin,No matching,1,40,16,p307r6p366r8p419r8p557r7p599r6p604r6p617r6p618r6p632r6p657r8p661r6p683r5p702r8p721r5
limberlimb,Combat Evolved,No matching,1,40,24,p304r8p345r6p513r5p578r6p597r6p617r6p652r8p655r8p698r6p711r7p713r6p733r8p779r5
Bennyboy,FreakWalker,No match,1,45,29,p343r5p358r5p363r6p446r6p477r6p546r8p586r6p625r7p626r8p684r8p716r6p727r8
austin.h,Bleeding Out,No Matching,1,45,28,p338r6p461r5p485r8p560r5p609r6p632r6p636r7
JacksonClimbs,Deep Fog,No matching,1,40,26,p323r6p331r6p333r6p381r8p461r5p475r7p478r6p748r8p751r5
limberlimb,Skyforge,No matching,1,40,22,p343r5p466r8p501r6p560r8p563r8p579r8p581r5p694r6p712r8p713r6p714r6p745r6p758r7
limberlimb,Pawn Promotion,No matching,1,40,24,p343r5p459r6p473r6p541r8p546r8p564r6p580r8p589r7p681r5p722r6p723r6p760r8p783r6
limberlimb,Stealth Archer,No matching,1,40,22,p312r6p361r6p423r5p559r8p562r8p588r6p596r6p608r6p615r6p637r8p654r5p711r7
woogie,Acid Overlord,,0,30,19,p552r6p595r6p600r6p612r8p643r6p653r8p664r7p688r8p690r8p691r6p748r8p753r6p774r5
tensionclimbing,Catch 33,No matching.,1,45,25,p332r6p353r6p438r6p527r8p529r8p550r6p557r7p601r6p606r8p774r5
jakemarlow,The Purple Bottle,No matching,1,50,17,p307r6p349r8p462r6p463r8p480r6p484r8p490r6p532r6p550r8p559r5p567r8p681r5p692r6p701r8p786r7
limberlimb,Lost in Translation,No matching,1,40,23,p328r5p331r8p401r7p440r6p446r5p481r6p579r8p618r6p686r6p687r6p733r8p756r6p764r6p775r8
tensionclimbing,Punching Down,No Matching,1,55,30,p304r8p319r8p437r8p551r6p554r6p567r8p618r6p679r7p689r8p701r8p762r6p774r5p794r8
Kevvcakes,They not like us,No matching,1,40,23,p335r7p530r6p552r8p705r5p712r8p719r6p740r6p766r6p767r6p795r8
limberlimb,ERELAS,No matching,1,40,19,p306r6p362r6p366r8p372r6p380r8p498r5p557r7p579r8p600r6p683r6p701r8
limberlimb,MIN-RAMMON,No matching,1,40,21,p312r6p327r8p351r5p438r5p557r7p564r6p579r8p585r8p697r6p730r6
limberlimb,AMON ANWAR,No matching,1,40,23,p327r8p348r8p366r5p429r6p430r6p459r6p581r5p631r6p739r6p741r8p758r7
Kevvcakes,First class up in the sky,No matching,1,40,22,p330r5p439r5p512r8p519r7p524r6p547r8p722r6p739r6
limberlimb,SAFFRON MARSH,No matching,1,40,22,p320r5p341r6p444r7p463r6p548r8p572r6p580r8p594r6p703r5p714r6p733r8
fartbiscuit,Al Pastor,No match,1,45,29,p337r8p347r6p456r6p475r7p556r6p576r6p703r5p748r8p751r5
limberlimb,PETALBURG BALANCE,No matching,1,40,21,p367r5p381r6p423r6p557r7p579r8p581r5p603r6p625r6p630r6p645r6p676r6
limberlimb,PETALBURG BALANCE,No matching,1,45,22,p367r5p381r6p423r6p557r7p579r8p581r5p603r6p625r6p630r6p645r6p676r6
caleb_justice,Copper Skull,no matching,1,40,26,p327r5p387r5p562r8p569r6p572r6p576r6p611r8p650r8p700r6p723r6p741r8p758r7
juancahisr,"Too hot, double session",,0,45,25,p311r6p335r6p468r8p591r5p617r6p636r7p713r5
wolfe,Hogtown Bodega,,0,50,27,p335r6p370r6p401r7p432r6p439r6p445r5p457r6p466r8p505r5p529r8
limberlimb,SUSUWATARI,No matching,1,40,23,p547r8p556r6p566r8p569r6p595r6p612r8p625r6p635r6p679r7p682r5p693r6p694r8p729r8p736r5
jaketiger111,Rain day 132,No matching,1,40,22,p304r8p327r8p484r8p494r5p568r8p569r6p570r6p601r6p620r8p634r6p635r6p664r7p713r5p722r6
limberlimb,Fabled Luster,No matching,1,45,22,p322r6p451r6p459r6p579r8p584r6p594r6p644r6p650r8p652r5p758r7p767r8
SamYau,Pink point,No match,1,40,24,p310r8p343r6p363r6p375r5p453r6p496r8p519r7p550r6p559r5p601r6p640r6p650r8p695r6
nick_climbe,Ged Sparrowhawk,No matching,1,45,29,p342r6p360r6p363r6p447r6p492r7p568r8p712r8p735r5p748r8
tensionclimbing,Sugar for the Pill,No matching,1,60,27,p457r6p498r8p501r6p550r8p573r6p617r6p619r8p662r6p664r7p695r6p703r8p733r8p735r5p744r6p772r8
tensionclimbing,Aja,,0,50,30,p328r6p340r6p394r5p416r5p495r6p499r6p560r6p571r6p579r8p679r7p733r8p760r8
tensionpb,Patterns pt. I,No matching.,1,45,25,p313r6p383r8p457r6p477r6p498r5p551r8p608r6p622r6p636r7p689r8p691r6p702r8
austin.h,Think About it,No matching.,1,45,29,p347r6p485r5p497r8p549r5p615r6p636r7p716r6p721r6p723r6
alistair,Free Education,No matching.,1,45,26,p322r6p351r5p452r6p551r6p557r7p611r8p650r8p739r6p763r8
maxhp08,Ignite,No matching.,1,45,25,p319r5p368r8p430r6p437r5p554r6p579r8p580r8p601r6p620r8p636r7p685r8p713r6p737r6p752r8
rnelson96,Clinical,No matching.,1,45,24,p336r8p348r8p473r6p551r6p569r6p580r8p583r6p652r5p744r6p774r8p784r7
claire.bennett,Effervescence,By Claire Bennett & Maddie Tze. No matching.,1,45,22,p348r8p353r6p386r8p404r8p406r6p461r8p552r6p570r6p603r6p611r8p613r5p637r8p658r8p679r7p737r8
limberlimb,COLD SNACKS,No matching.,1,40,23,p320r5p366r8p439r6p501r6p519r7p689r5p707r6p767r6p799r6
